sensor_id,timestamp,temperature,humidity,location,sensor_type
1037,2025-04-10T18:51:28.000Z,23.88,42.47,BuildingB_Floor1,TypeB
1077,2025-04-11T22:31:09.000Z,15.75,62.39,BuildingA_Floor1,TypeC
1026,2025-04-10T20:12:57.000Z,20.33,56.29,BuildingA_Floor1,TypeB
1065,2025-04-11T18:54:24.000Z,21.82,43.67,BuildingA_Floor1,TypeA
1051,2025-04-08T07:42:32.000Z,21.91,42.31,BuildingB_Floor2,TypeB
1077,2025-04-09T03:27:28.000Z,19.26,56.13,BuildingB_Floor2,TypeB
1071,2025-04-07T05:10:17.000Z,19.48,45.94,BuildingA_Floor2,TypeA
1030,2025-04-11T00:24:28.000Z,29.88,56.12,BuildingB_Floor2,TypeB
1020,2025-04-07T12:30:41.000Z,21.86,38.75,BuildingA_Floor1,TypeC
1017,2025-04-09T13:49:19.000Z,24.51,69.35,BuildingB_Floor2,TypeC
1076,2025-04-11T23:51:17.000Z,20.66,58.15,BuildingB_Floor1,TypeC
1041,2025-04-08T01:34:29.000Z,31.26,43.75,BuildingA_Floor2,TypeA
1097,2025-04-10T19:11:00.000Z,29.1,39.68,BuildingA_Floor1,TypeC
1063,2025-04-07T05:42:19.000Z,23.29,32.67,BuildingA_Floor1,TypeC
1097,2025-04-09T18:06:04.000Z,23.41,58.02,BuildingA_Floor1,TypeA
1008,2025-04-10T18:09:27.000Z,33.93,41.88,BuildingB_Floor1,TypeC
1055,2025-04-07T03:48:07.000Z,24.52,41.89,BuildingB_Floor1,TypeA
1073,2025-04-11T11:17:05.000Z,18.8,67.91,BuildingB_Floor1,TypeB
1054,2025-04-08T13:50:00.000Z,15.57,72.66,BuildingA_Floor1,TypeA
1043,2025-04-11T14:10:33.000Z,24.1,64.32,BuildingB_Floor1,TypeC
1061,2025-04-12T00:42:39.000Z,15.24,47.38,BuildingB_Floor1,TypeB
1012,2025-04-11T03:12:30.000Z,31.55,39.09,BuildingA_Floor1,TypeA
1044,2025-04-10T03:32:08.000Z,30.11,53.42,BuildingA_Floor2,TypeC
1037,2025-04-11T13:43:41.000Z,23.36,69.54,BuildingA_Floor1,TypeA
1055,2025-04-07T15:21:52.000Z,21.94,79.29,BuildingA_Floor1,TypeC
1097,2025-04-08T03:32:21.000Z,27.83,76.92,BuildingB_Floor2,TypeB
1070,2025-04-11T06:05:18.000Z,34.15,42.24,BuildingB_Floor2,TypeA
1016,2025-04-10T18:35:10.000Z,33.92,57.48,BuildingB_Floor1,TypeA
1073,2025-04-11T19:15:01.000Z,25.44,54.81,BuildingA_Floor2,TypeA
1078,2025-04-11T01:06:46.000Z,17.97,73.49,BuildingA_Floor1,TypeC
1014,2025-04-10T09:25:31.000Z,22.4,72.01,BuildingA_Floor1,TypeA
1047,2025-04-09T11:27:00.000Z,32.89,31.46,BuildingB_Floor1,TypeB
1097,2025-04-10T16:40:23.000Z,22.56,57.56,BuildingB_Floor2,TypeB
1000,2025-04-11T19:10:00.000Z,31.38,47.27,BuildingA_Floor2,TypeC
1006,2025-04-07T05:29:14.000Z,28.06,72.29,BuildingA_Floor2,TypeC
1025,2025-04-11T20:46:19.000Z,30.45,74.95,BuildingB_Floor2,TypeA
1052,2025-04-09T17:02:00.000Z,34.74,55.19,BuildingA_Floor1,TypeB
1096,2025-04-07T04:12:56.000Z,23.86,53.93,BuildingA_Floor1,TypeA
1003,2025-04-07T21:08:19.000Z,21.18,51.62,BuildingA_Floor1,TypeC
1008,2025-04-08T14:25:21.000Z,34.75,78.11,BuildingB_Floor2,TypeB
1095,2025-04-07T11:48:28.000Z,18.63,30.91,BuildingB_Floor1,TypeA
1073,2025-04-09T09:42:23.000Z,22.1,41.23,BuildingA_Floor2,TypeA
1021,2025-04-11T03:46:59.000Z,18.96,49.48,BuildingA_Floor2,TypeA
1076,2025-04-08T14:48:40.000Z,24.66,71.21,BuildingB_Floor1,TypeB
1027,2025-04-10T02:38:26.000Z,21.35,38.19,BuildingB_Floor2,TypeB
1073,2025-04-09T12:50:34.000Z,26.61,58.21,BuildingA_Floor1,TypeA
1014,2025-04-11T13:37:58.000Z,18.6,46.72,BuildingB_Floor1,TypeA
1007,2025-04-10T17:17:43.000Z,18.01,39.18,BuildingA_Floor1,TypeA
1003,2025-04-08T20:07:21.000Z,18.47,78.89,BuildingA_Floor1,TypeA
1002,2025-04-10T08:12:08.000Z,30.07,30.76,BuildingB_Floor2,TypeA
1039,2025-04-08T22:07:15.000Z,21.46,65.64,BuildingB_Floor2,TypeC
1054,2025-04-10T03:45:28.000Z,34.16,38.29,BuildingB_Floor2,TypeB
1064,2025-04-08T08:45:41.000Z,32.39,68.63,BuildingB_Floor1,TypeC
1048,2025-04-09T01:57:12.000Z,28.44,78.9,BuildingA_Floor1,TypeC
1066,2025-04-09T18:41:42.000Z,19.95,70.16,BuildingB_Floor1,TypeC
1081,2025-04-09T01:54:23.000Z,26.44,78.85,BuildingB_Floor1,TypeB
1041,2025-04-09T15:17:25.000Z,18.22,32.9,BuildingA_Floor2,TypeC
1086,2025-04-07T23:39:16.000Z,21.76,58.14,BuildingB_Floor2,TypeA
1000,2025-04-10T18:03:28.000Z,25.64,49.09,BuildingA_Floor2,TypeA
1028,2025-04-09T15:21:15.000Z,17.43,37.61,BuildingA_Floor1,TypeC
1095,2025-04-11T00:33:08.000Z,28.62,40.1,BuildingA_Floor2,TypeA
1099,2025-04-07T23:48:55.000Z,34.85,62.57,BuildingB_Floor2,TypeA
1026,2025-04-07T23:35:20.000Z,32.8,39.63,BuildingB_Floor1,TypeA
1065,2025-04-08T05:22:21.000Z,27.2,68.54,BuildingA_Floor2,TypeB
1034,2025-04-09T07:05:47.000Z,33.69,71.63,BuildingB_Floor2,TypeC
1011,2025-04-09T07:26:42.000Z,26.58,77.8,BuildingB_Floor2,TypeA
1030,2025-04-07T04:28:27.000Z,20.73,66.97,BuildingA_Floor2,TypeC
1042,2025-04-07T18:18:17.000Z,20.91,70.25,BuildingB_Floor1,TypeA
1088,2025-04-07T13:32:48.000Z,29.28,32.04,BuildingA_Floor2,TypeA
1090,2025-04-08T10:09:25.000Z,19.98,43.04,BuildingA_Floor1,TypeA
1042,2025-04-07T16:41:33.000Z,21.11,55.14,BuildingB_Floor1,TypeC
1057,2025-04-08T02:03:24.000Z,31.52,55.67,BuildingA_Floor2,TypeA
1014,2025-04-09T20:58:35.000Z,31.35,55.69,BuildingB_Floor2,TypeA
1096,2025-04-10T01:10:19.000Z,18.08,46.38,BuildingB_Floor1,TypeB
1059,2025-04-11T00:56:30.000Z,16.15,67.76,BuildingA_Floor2,TypeA
1025,2025-04-11T04:03:04.000Z,34.19,50.84,BuildingA_Floor1,TypeA
1011,2025-04-12T00:45:50.000Z,26.12,54.81,BuildingA_Floor1,TypeA
1099,2025-04-08T02:12:47.000Z,21.68,57.52,BuildingA_Floor2,TypeB
1001,2025-04-08T23:39:25.000Z,25.25,64.12,BuildingA_Floor1,TypeC
1055,2025-04-11T09:01:01.000Z,15.56,34.55,BuildingA_Floor1,TypeB
1073,2025-04-10T10:22:03.000Z,28.04,42.08,BuildingB_Floor1,TypeB
1087,2025-04-11T01:36:03.000Z,34.02,58.8,BuildingB_Floor2,TypeB
1016,2025-04-09T14:51:48.000Z,32.9,61.86,BuildingB_Floor2,TypeB
1049,2025-04-10T17:26:50.000Z,22.56,42.45,BuildingB_Floor1,TypeC
1083,2025-04-09T10:25:32.000Z,34.07,34.49,BuildingB_Floor1,TypeB
1022,2025-04-11T22:44:19.000Z,27.89,78.27,BuildingB_Floor1,TypeC
1085,2025-04-09T15:48:07.000Z,34.56,65.46,BuildingA_Floor1,TypeA
1055,2025-04-07T02:36:08.000Z,20.49,72.4,BuildingB_Floor1,TypeB
1063,2025-04-09T14:45:33.000Z,28.78,46.03,BuildingA_Floor1,TypeC
1071,2025-04-09T10:49:59.000Z,16.83,58.0,BuildingB_Floor1,TypeC
1071,2025-04-11T13:01:14.000Z,28.58,35.49,BuildingB_Floor2,TypeC
1055,2025-04-09T16:12:21.000Z,34.82,69.57,BuildingB_Floor1,TypeA
1017,2025-04-08T08:29:26.000Z,22.67,63.18,BuildingB_Floor1,TypeC
1058,2025-04-08T00:05:35.000Z,16.06,33.41,BuildingB_Floor2,TypeC
1021,2025-04-11T10:43:21.000Z,16.47,48.87,BuildingB_Floor1,TypeC
1017,2025-04-09T03:39:44.000Z,32.65,61.49,BuildingB_Floor2,TypeA
1097,2025-04-08T08:14:50.000Z,19.73,68.58,BuildingB_Floor2,TypeC
1021,2025-04-08T09:36:57.000Z,24.59,54.45,BuildingA_Floor2,TypeC
1089,2025-04-08T08:55:53.000Z,26.27,37.7,BuildingA_Floor2,TypeC
1034,2025-04-09T01:53:48.000Z,24.01,40.29,BuildingB_Floor1,TypeA
1004,2025-04-09T19:11:02.000Z,22.5,62.61,BuildingB_Floor2,TypeB
1060,2025-04-08T22:14:04.000Z,19.9,63.11,BuildingB_Floor2,TypeC
1083,2025-04-10T08:48:00.000Z,16.91,69.17,BuildingB_Floor2,TypeC
1039,2025-04-09T06:44:43.000Z,34.88,58.66,BuildingA_Floor1,TypeB
1092,2025-04-07T22:55:51.000Z,25.83,64.35,BuildingB_Floor1,TypeB
1044,2025-04-08T18:18:53.000Z,30.49,51.94,BuildingA_Floor1,TypeC
1018,2025-04-08T07:03:46.000Z,16.38,30.52,BuildingB_Floor2,TypeB
1046,2025-04-10T21:05:51.000Z,32.41,40.78,BuildingB_Floor2,TypeB
1077,2025-04-08T14:33:33.000Z,21.94,34.96,BuildingB_Floor1,TypeB
1007,2025-04-08T23:13:27.000Z,17.52,73.75,BuildingA_Floor2,TypeC
1039,2025-04-08T15:02:04.000Z,28.0,68.76,BuildingA_Floor1,TypeC
1070,2025-04-11T17:41:54.000Z,25.7,56.76,BuildingB_Floor1,TypeC
1036,2025-04-07T20:13:12.000Z,17.62,78.75,BuildingB_Floor1,TypeB
1060,2025-04-09T06:24:32.000Z,20.04,74.04,BuildingA_Floor1,TypeB
1098,2025-04-07T07:45:10.000Z,31.68,70.17,BuildingB_Floor1,TypeB
1052,2025-04-07T13:35:36.000Z,32.99,77.93,BuildingA_Floor1,TypeB
1036,2025-04-09T21:17:24.000Z,33.34,57.04,BuildingB_Floor1,TypeB
1052,2025-04-10T09:08:42.000Z,34.69,42.7,BuildingB_Floor1,TypeB
1098,2025-04-11T21:07:45.000Z,25.04,69.03,BuildingB_Floor2,TypeC
1046,2025-04-07T04:33:25.000Z,34.44,69.54,BuildingB_Floor1,TypeC
1037,2025-04-08T10:19:23.000Z,32.6,39.0,BuildingB_Floor2,TypeA
1078,2025-04-07T23:40:20.000Z,27.32,71.0,BuildingA_Floor2,TypeB
1012,2025-04-09T16:55:33.000Z,19.57,78.35,BuildingA_Floor1,TypeC
1002,2025-04-11T06:29:50.000Z,33.47,68.81,BuildingA_Floor2,TypeA
1008,2025-04-08T12:45:36.000Z,17.63,38.31,BuildingA_Floor2,TypeB
1031,2025-04-09T17:50:59.000Z,26.13,54.55,BuildingA_Floor1,TypeC
1017,2025-04-07T22:56:27.000Z,32.43,62.18,BuildingB_Floor2,TypeB
1089,2025-04-09T08:33:04.000Z,19.11,34.92,BuildingA_Floor1,TypeB
1085,2025-04-08T10:49:23.000Z,26.23,44.38,BuildingA_Floor2,TypeC
1006,2025-04-07T09:39:38.000Z,25.95,46.95,BuildingB_Floor2,TypeA
1029,2025-04-09T08:04:52.000Z,19.86,75.96,BuildingA_Floor2,TypeC
1018,2025-04-11T09:46:43.000Z,34.0,35.03,BuildingA_Floor2,TypeB
1000,2025-04-09T22:52:30.000Z,24.8,48.77,BuildingA_Floor2,TypeB
1048,2025-04-07T16:44:00.000Z,19.06,78.1,BuildingA_Floor2,TypeA
1100,2025-04-10T12:21:11.000Z,22.33,71.97,BuildingA_Floor2,TypeA
1018,2025-04-08T11:35:26.000Z,24.47,70.66,BuildingA_Floor1,TypeC
1000,2025-04-07T13:48:07.000Z,21.21,54.63,BuildingA_Floor1,TypeA
1054,2025-04-07T13:20:15.000Z,32.43,66.73,BuildingB_Floor2,TypeB
1004,2025-04-10T11:50:00.000Z,34.65,53.19,BuildingB_Floor1,TypeA
1008,2025-04-07T07:47:47.000Z,20.62,49.54,BuildingA_Floor1,TypeC
1098,2025-04-08T05:17:12.000Z,24.56,38.36,BuildingA_Floor1,TypeC
1030,2025-04-10T18:47:36.000Z,20.06,61.79,BuildingA_Floor1,TypeC
1077,2025-04-08T02:59:54.000Z,21.97,65.02,BuildingB_Floor1,TypeB
1049,2025-04-07T13:25:50.000Z,31.44,54.85,BuildingB_Floor2,TypeC
1084,2025-04-07T22:27:40.000Z,28.1,65.02,BuildingB_Floor2,TypeB
1017,2025-04-11T13:39:17.000Z,22.73,56.6,BuildingA_Floor1,TypeC
1020,2025-04-10T17:11:36.000Z,30.49,70.53,BuildingB_Floor1,TypeA
1076,2025-04-10T08:37:37.000Z,29.29,76.84,BuildingB_Floor2,TypeA
1011,2025-04-08T06:56:21.000Z,31.11,70.72,BuildingB_Floor1,TypeA
1010,2025-04-08T18:37:13.000Z,22.33,48.03,BuildingB_Floor1,TypeB
1032,2025-04-09T00:10:32.000Z,33.33,41.11,BuildingA_Floor1,TypeA
1067,2025-04-09T05:18:22.000Z,15.57,60.08,BuildingA_Floor1,TypeC
1011,2025-04-10T18:21:26.000Z,34.13,32.54,BuildingB_Floor2,TypeA
1099,2025-04-07T07:08:28.000Z,25.68,42.79,BuildingB_Floor2,TypeA
1056,2025-04-10T00:55:37.000Z,25.16,49.52,BuildingA_Floor1,TypeA
1035,2025-04-11T21:27:24.000Z,32.53,40.37,BuildingA_Floor1,TypeA
1008,2025-04-11T16:28:56.000Z,18.01,46.05,BuildingB_Floor2,TypeC
1002,2025-04-11T13:21:47.000Z,15.71,65.01,BuildingA_Floor1,TypeA
1059,2025-04-09T12:03:12.000Z,18.44,78.87,BuildingB_Floor2,TypeB
1001,2025-04-07T18:35:38.000Z,24.52,31.63,BuildingA_Floor1,TypeB
1096,2025-04-07T09:05:33.000Z,24.2,55.42,BuildingA_Floor2,TypeC
1015,2025-04-09T20:43:38.000Z,31.93,53.35,BuildingA_Floor1,TypeC
1080,2025-04-09T11:54:43.000Z,27.4,36.62,BuildingA_Floor1,TypeB
1044,2025-04-10T11:49:31.000Z,34.77,56.48,BuildingA_Floor2,TypeC
1076,2025-04-10T07:24:57.000Z,15.38,73.54,BuildingA_Floor2,TypeC
1025,2025-04-09T04:46:32.000Z,25.18,41.89,BuildingB_Floor1,TypeB
1073,2025-04-10T12:16:03.000Z,20.08,64.95,BuildingA_Floor2,TypeA
1048,2025-04-09T01:52:50.000Z,34.96,53.26,BuildingA_Floor1,TypeB
1093,2025-04-10T05:28:40.000Z,27.5,55.89,BuildingB_Floor1,TypeC
1008,2025-04-11T04:35:16.000Z,21.52,66.66,BuildingB_Floor2,TypeB
1098,2025-04-09T06:41:19.000Z,15.06,67.48,BuildingB_Floor2,TypeB
1078,2025-04-08T23:54:53.000Z,24.19,64.3,BuildingA_Floor2,TypeA
1014,2025-04-07T17:08:34.000Z,31.55,52.7,BuildingA_Floor1,TypeA
1018,2025-04-09T10:46:32.000Z,22.73,77.3,BuildingA_Floor2,TypeB
1048,2025-04-08T15:20:16.000Z,30.26,41.27,BuildingB_Floor2,TypeC
1090,2025-04-09T04:49:58.000Z,25.48,34.39,BuildingA_Floor1,TypeC
1017,2025-04-11T08:32:25.000Z,29.19,76.59,BuildingA_Floor2,TypeB
1086,2025-04-07T03:06:39.000Z,32.91,50.97,BuildingB_Floor2,TypeC
1014,2025-04-11T21:06:55.000Z,24.94,54.51,BuildingB_Floor2,TypeC
1049,2025-04-07T11:03:42.000Z,24.12,61.62,BuildingA_Floor1,TypeA
1056,2025-04-09T02:07:09.000Z,20.82,58.18,BuildingB_Floor2,TypeA
1035,2025-04-10T15:25:37.000Z,34.37,43.21,BuildingB_Floor1,TypeA
1014,2025-04-08T23:33:05.000Z,34.01,66.98,BuildingA_Floor1,TypeB
1012,2025-04-10T10:01:40.000Z,16.49,36.98,BuildingB_Floor1,TypeB
1037,2025-04-07T13:55:02.000Z,34.66,51.92,BuildingA_Floor2,TypeA
1087,2025-04-07T16:24:35.000Z,19.23,60.71,BuildingB_Floor2,TypeA
1058,2025-04-10T13:07:45.000Z,24.82,50.37,BuildingA_Floor1,TypeA
1081,2025-04-10T11:47:15.000Z,29.14,53.56,BuildingA_Floor2,TypeA
1051,2025-04-11T22:01:30.000Z,23.94,79.7,BuildingB_Floor2,TypeA
1051,2025-04-07T15:29:35.000Z,33.62,41.46,BuildingA_Floor2,TypeC
1083,2025-04-07T23:39:21.000Z,24.19,45.25,BuildingA_Floor2,TypeA
1061,2025-04-08T07:58:10.000Z,27.17,45.58,BuildingB_Floor1,TypeA
1042,2025-04-10T00:31:15.000Z,23.7,39.2,BuildingB_Floor1,TypeC
1025,2025-04-09T20:28:12.000Z,16.73,56.76,BuildingA_Floor1,TypeC
1055,2025-04-11T14:34:49.000Z,34.18,45.11,BuildingB_Floor2,TypeB
1089,2025-04-07T18:48:27.000Z,21.48,67.3,BuildingA_Floor2,TypeB
1046,2025-04-08T02:54:06.000Z,26.87,65.95,BuildingA_Floor1,TypeB
1009,2025-04-11T08:51:09.000Z,26.43,64.7,BuildingA_Floor1,TypeA
1035,2025-04-07T07:14:15.000Z,16.91,40.89,BuildingB_Floor1,TypeA
1083,2025-04-09T06:08:20.000Z,17.08,43.96,BuildingA_Floor2,TypeC
1080,2025-04-11T07:30:00.000Z,29.21,68.19,BuildingB_Floor2,TypeB
1070,2025-04-10T07:34:16.000Z,32.76,34.92,BuildingA_Floor2,TypeB
1098,2025-04-11T09:14:03.000Z,29.86,69.11,BuildingA_Floor2,TypeC
1033,2025-04-11T00:16:09.000Z,25.41,64.92,BuildingB_Floor2,TypeC
1049,2025-04-12T00:37:50.000Z,28.55,51.7,BuildingA_Floor1,TypeC
1068,2025-04-12T00:32:46.000Z,34.84,65.84,BuildingA_Floor1,TypeC
1090,2025-04-08T04:14:45.000Z,32.29,30.75,BuildingB_Floor2,TypeC
1045,2025-04-10T05:41:28.000Z,22.36,61.2,BuildingA_Floor1,TypeB
1064,2025-04-11T07:10:56.000Z,29.31,30.29,BuildingB_Floor2,TypeB
1064,2025-04-09T04:56:07.000Z,19.02,72.1,BuildingB_Floor2,TypeB
1081,2025-04-09T15:35:22.000Z,20.17,52.76,BuildingA_Floor2,TypeC
1048,2025-04-10T01:01:53.000Z,19.59,69.39,BuildingA_Floor2,TypeB
1044,2025-04-11T10:01:43.000Z,33.58,56.44,BuildingA_Floor1,TypeA
1068,2025-04-11T03:26:22.000Z,33.66,64.56,BuildingB_Floor2,TypeA
1007,2025-04-09T13:56:49.000Z,33.98,55.28,BuildingB_Floor1,TypeC
1060,2025-04-07T06:04:35.000Z,25.57,68.61,BuildingB_Floor2,TypeC
1087,2025-04-07T06:24:36.000Z,32.38,41.27,BuildingB_Floor2,TypeA
1080,2025-04-08T19:22:26.000Z,21.85,64.85,BuildingA_Floor1,TypeA
1019,2025-04-09T12:35:04.000Z,32.45,54.49,BuildingB_Floor1,TypeA
1064,2025-04-08T04:11:06.000Z,16.87,53.75,BuildingA_Floor1,TypeB
1057,2025-04-07T11:57:27.000Z,34.19,76.9,BuildingB_Floor1,TypeC
1094,2025-04-11T05:35:23.000Z,16.21,56.3,BuildingA_Floor1,TypeC
1028,2025-04-10T16:46:23.000Z,31.79,63.18,BuildingB_Floor2,TypeC
1093,2025-04-07T07:01:50.000Z,15.08,77.67,BuildingA_Floor1,TypeA
1007,2025-04-12T01:34:24.000Z,28.24,66.46,BuildingB_Floor1,TypeA
1025,2025-04-09T08:10:05.000Z,16.84,51.35,BuildingA_Floor1,TypeB
1022,2025-04-08T04:08:05.000Z,30.55,61.69,BuildingA_Floor2,TypeC
1012,2025-04-09T17:35:42.000Z,18.78,43.24,BuildingA_Floor1,TypeB
1021,2025-04-10T15:18:49.000Z,34.26,78.38,BuildingA_Floor2,TypeB
1088,2025-04-10T06:42:59.000Z,17.35,76.63,BuildingA_Floor2,TypeC
1071,2025-04-08T06:56:19.000Z,33.83,53.53,BuildingA_Floor2,TypeA
1028,2025-04-09T13:15:05.000Z,21.97,42.38,BuildingA_Floor2,TypeC
1053,2025-04-07T22:17:19.000Z,28.66,66.95,BuildingB_Floor1,TypeC
1058,2025-04-11T19:23:31.000Z,23.29,40.8,BuildingB_Floor1,TypeB
1014,2025-04-10T10:03:49.000Z,27.82,79.45,BuildingB_Floor2,TypeB
1056,2025-04-09T16:01:35.000Z,19.28,58.88,BuildingB_Floor1,TypeA
1008,2025-04-07T21:42:02.000Z,21.77,69.56,BuildingA_Floor1,TypeA
1042,2025-04-11T06:16:55.000Z,29.37,44.14,BuildingB_Floor1,TypeC
1066,2025-04-08T08:23:46.000Z,19.12,67.59,BuildingB_Floor2,TypeC
1052,2025-04-10T09:49:57.000Z,21.44,54.03,BuildingA_Floor1,TypeB
1016,2025-04-07T19:46:28.000Z,24.22,55.82,BuildingA_Floor1,TypeC
1035,2025-04-11T20:57:51.000Z,22.55,30.61,BuildingA_Floor2,TypeB
1022,2025-04-08T14:20:13.000Z,30.53,72.25,BuildingA_Floor2,TypeA
1007,2025-04-07T05:41:52.000Z,34.61,60.67,BuildingB_Floor2,TypeA
1071,2025-04-07T10:26:53.000Z,33.19,62.98,BuildingB_Floor2,TypeC
1100,2025-04-10T09:22:52.000Z,31.35,44.11,BuildingB_Floor2,TypeB
1049,2025-04-11T06:23:58.000Z,15.24,79.8,BuildingB_Floor1,TypeB
1096,2025-04-11T01:31:51.000Z,34.55,30.99,BuildingB_Floor2,TypeA
1043,2025-04-09T08:24:41.000Z,23.94,70.42,BuildingB_Floor1,TypeC
1018,2025-04-08T05:02:32.000Z,21.89,33.7,BuildingB_Floor1,TypeB
1013,2025-04-11T12:43:17.000Z,33.18,30.75,BuildingB_Floor2,TypeC
1010,2025-04-09T18:56:11.000Z,17.84,55.62,BuildingA_Floor1,TypeC
1054,2025-04-09T05:23:31.000Z,16.4,64.36,BuildingB_Floor2,TypeB
1089,2025-04-12T00:45:05.000Z,18.67,68.25,BuildingB_Floor1,TypeC
1097,2025-04-08T23:55:59.000Z,15.82,77.71,BuildingB_Floor1,TypeC
1051,2025-04-11T22:13:43.000Z,29.87,40.01,BuildingB_Floor2,TypeC
1049,2025-04-08T18:43:39.000Z,34.09,73.92,BuildingB_Floor1,TypeB
1026,2025-04-08T09:09:53.000Z,23.79,33.54,BuildingB_Floor2,TypeC
1036,2025-04-09T14:56:55.000Z,23.33,54.81,BuildingB_Floor1,TypeC
1081,2025-04-08T22:18:09.000Z,23.31,51.1,BuildingB_Floor2,TypeA
1099,2025-04-08T20:45:26.000Z,32.72,63.03,BuildingB_Floor2,TypeC
1031,2025-04-11T09:12:49.000Z,32.97,33.05,BuildingA_Floor2,TypeC
1089,2025-04-07T02:54:38.000Z,21.56,63.58,BuildingA_Floor1,TypeA
1024,2025-04-10T20:14:21.000Z,29.98,43.29,BuildingA_Floor1,TypeA
1014,2025-04-12T00:29:44.000Z,29.68,66.29,BuildingB_Floor2,TypeC
1065,2025-04-08T14:34:48.000Z,22.93,30.99,BuildingA_Floor2,TypeB
1078,2025-04-10T00:25:16.000Z,20.71,64.58,BuildingA_Floor2,TypeA
1000,2025-04-07T13:42:15.000Z,31.41,54.75,BuildingB_Floor1,TypeA
1081,2025-04-09T22:05:56.000Z,24.24,53.97,BuildingA_Floor1,TypeB
1018,2025-04-11T11:28:02.000Z,15.61,45.33,BuildingB_Floor1,TypeC
1091,2025-04-07T03:25:59.000Z,28.62,37.8,BuildingA_Floor1,TypeB
1079,2025-04-10T11:10:37.000Z,31.81,56.28,BuildingA_Floor2,TypeB
1054,2025-04-11T08:47:32.000Z,30.65,74.02,BuildingB_Floor2,TypeC
1017,2025-04-11T13:42:58.000Z,30.13,45.94,BuildingA_Floor1,TypeA
1001,2025-04-08T01:30:24.000Z,21.33,57.2,BuildingB_Floor2,TypeB
1070,2025-04-07T05:24:24.000Z,17.76,62.26,BuildingA_Floor1,TypeB
1010,2025-04-07T12:10:37.000Z,33.15,72.32,BuildingA_Floor1,TypeA
1075,2025-04-11T10:46:13.000Z,19.36,71.64,BuildingB_Floor2,TypeA
1025,2025-04-09T02:35:51.000Z,29.51,53.76,BuildingA_Floor2,TypeA
1089,2025-04-10T19:33:43.000Z,18.79,32.28,BuildingB_Floor1,TypeC
1047,2025-04-10T18:00:53.000Z,32.03,63.4,BuildingB_Floor1,TypeA
1013,2025-04-09T02:25:09.000Z,34.11,73.66,BuildingA_Floor2,TypeB
1086,2025-04-11T04:25:57.000Z,30.65,60.21,BuildingB_Floor2,TypeC
1068,2025-04-10T14:27:43.000Z,21.31,61.0,BuildingB_Floor1,TypeB
1099,2025-04-07T07:25:00.000Z,21.86,38.43,BuildingA_Floor2,TypeC
1029,2025-04-08T18:48:11.000Z,16.12,37.63,BuildingA_Floor2,TypeC
1074,2025-04-09T12:10:48.000Z,27.7,75.13,BuildingB_Floor1,TypeA
1044,2025-04-09T09:07:30.000Z,25.78,74.53,BuildingB_Floor1,TypeB
1030,2025-04-07T06:35:14.000Z,17.83,47.35,BuildingB_Floor2,TypeB
1066,2025-04-08T14:50:03.000Z,31.43,47.35,BuildingB_Floor2,TypeB
1022,2025-04-11T12:19:50.000Z,22.48,56.55,BuildingA_Floor1,TypeB
1019,2025-04-11T13:21:56.000Z,18.57,41.85,BuildingA_Floor2,TypeC
1079,2025-04-11T19:34:31.000Z,17.25,48.09,BuildingA_Floor2,TypeA
1017,2025-04-08T08:22:49.000Z,15.75,49.88,BuildingB_Floor1,TypeB
1043,2025-04-10T23:05:42.000Z,16.34,62.83,BuildingA_Floor2,TypeC
1089,2025-04-08T02:46:36.000Z,29.25,48.04,BuildingA_Floor1,TypeB
1044,2025-04-08T17:15:36.000Z,28.99,76.42,BuildingB_Floor2,TypeC
1086,2025-04-09T10:28:00.000Z,27.59,43.03,BuildingA_Floor1,TypeB
1027,2025-04-09T05:10:30.000Z,24.69,66.15,BuildingB_Floor2,TypeB
1060,2025-04-08T06:57:37.000Z,31.46,51.21,BuildingB_Floor1,TypeA
1072,2025-04-11T05:49:38.000Z,31.97,31.23,BuildingB_Floor1,TypeB
1041,2025-04-08T08:07:07.000Z,23.5,79.21,BuildingA_Floor1,TypeB
1040,2025-04-11T02:20:35.000Z,19.18,56.99,BuildingA_Floor2,TypeC
1055,2025-04-08T14:12:50.000Z,31.34,71.47,BuildingB_Floor2,TypeC
1005,2025-04-08T23:16:50.000Z,26.16,71.65,BuildingB_Floor2,TypeC
1012,2025-04-10T08:13:57.000Z,28.37,61.21,BuildingA_Floor2,TypeA
1036,2025-04-11T14:22:30.000Z,25.71,77.6,BuildingB_Floor2,TypeA
1001,2025-04-08T07:49:41.000Z,25.34,58.56,BuildingB_Floor2,TypeB
1047,2025-04-10T19:30:54.000Z,25.65,38.17,BuildingB_Floor1,TypeA
1032,2025-04-10T17:31:25.000Z,29.14,61.67,BuildingA_Floor1,TypeB
1083,2025-04-10T01:23:31.000Z,30.38,31.26,BuildingA_Floor2,TypeC
1014,2025-04-09T11:35:37.000Z,34.41,72.04,BuildingB_Floor2,TypeC
1024,2025-04-11T14:36:23.000Z,33.92,77.48,BuildingB_Floor2,TypeC
1003,2025-04-07T08:00:46.000Z,24.14,78.32,BuildingB_Floor2,TypeC
1044,2025-04-11T09:07:05.000Z,26.09,41.54,BuildingB_Floor2,TypeC
1047,2025-04-08T02:38:57.000Z,34.89,42.62,BuildingB_Floor2,TypeB
1045,2025-04-09T15:55:03.000Z,28.28,39.49,BuildingA_Floor2,TypeA
1031,2025-04-08T20:03:41.000Z,20.54,44.52,BuildingB_Floor1,TypeA
1027,2025-04-09T21:49:05.000Z,34.64,30.39,BuildingB_Floor2,TypeB
1012,2025-04-11T13:24:10.000Z,21.61,32.97,BuildingB_Floor1,TypeA
1089,2025-04-10T08:49:47.000Z,18.44,78.51,BuildingA_Floor2,TypeC
1085,2025-04-11T14:07:38.000Z,32.89,74.65,BuildingA_Floor2,TypeB
1016,2025-04-09T00:50:00.000Z,25.98,40.56,BuildingB_Floor1,TypeC
1014,2025-04-09T08:35:45.000Z,30.09,53.4,BuildingB_Floor1,TypeC
1087,2025-04-10T06:46:45.000Z,24.3,56.97,BuildingA_Floor1,TypeA
1033,2025-04-07T03:59:14.000Z,25.59,55.99,BuildingB_Floor2,TypeC
1089,2025-04-07T18:44:50.000Z,27.03,60.61,BuildingB_Floor1,TypeA
1085,2025-04-08T04:29:39.000Z,31.9,73.64,BuildingA_Floor2,TypeC
1049,2025-04-10T00:37:54.000Z,33.93,36.52,BuildingA_Floor1,TypeB
1003,2025-04-10T08:20:23.000Z,31.36,62.97,BuildingB_Floor2,TypeC
1007,2025-04-11T14:28:04.000Z,26.85,34.57,BuildingB_Floor1,TypeB
1022,2025-04-09T20:53:45.000Z,24.38,58.54,BuildingA_Floor2,TypeA
1080,2025-04-11T09:32:36.000Z,24.68,49.58,BuildingA_Floor2,TypeC
1041,2025-04-10T16:02:59.000Z,27.54,30.51,BuildingB_Floor2,TypeC
1072,2025-04-08T19:16:31.000Z,22.19,53.0,BuildingA_Floor2,TypeC
1070,2025-04-07T17:39:38.000Z,22.83,54.14,BuildingB_Floor2,TypeC
1067,2025-04-11T07:06:09.000Z,22.48,75.17,BuildingB_Floor1,TypeC
1042,2025-04-11T23:20:47.000Z,15.43,42.82,BuildingB_Floor1,TypeB
1087,2025-04-08T23:33:51.000Z,16.54,59.62,BuildingB_Floor1,TypeB
1041,2025-04-08T08:42:46.000Z,32.34,45.43,BuildingB_Floor2,TypeA
1052,2025-04-09T20:14:11.000Z,22.92,54.01,BuildingB_Floor1,TypeA
1037,2025-04-11T07:05:55.000Z,32.85,77.77,BuildingA_Floor1,TypeB
1022,2025-04-08T09:24:15.000Z,21.99,41.53,BuildingB_Floor1,TypeB
1090,2025-04-09T05:28:03.000Z,16.23,66.77,BuildingB_Floor1,TypeB
1100,2025-04-09T22:40:06.000Z,29.12,65.25,BuildingA_Floor1,TypeB
1057,2025-04-08T03:14:29.000Z,25.33,78.79,BuildingA_Floor1,TypeC
1084,2025-04-09T11:05:02.000Z,16.56,46.08,BuildingA_Floor2,TypeA
1038,2025-04-10T03:44:52.000Z,34.97,33.13,BuildingA_Floor2,TypeA
1017,2025-04-11T13:36:09.000Z,19.33,47.53,BuildingB_Floor1,TypeA
1070,2025-04-08T12:58:31.000Z,29.65,72.9,BuildingA_Floor1,TypeC
1057,2025-04-09T14:38:45.000Z,30.4,41.41,BuildingB_Floor2,TypeA
1003,2025-04-12T00:18:31.000Z,33.23,49.88,BuildingB_Floor2,TypeC
1097,2025-04-07T07:53:08.000Z,32.04,53.6,BuildingB_Floor1,TypeB
1092,2025-04-08T22:00:10.000Z,25.06,40.54,BuildingA_Floor2,TypeC
1098,2025-04-10T14:41:21.000Z,31.54,77.03,BuildingB_Floor1,TypeB
1090,2025-04-07T19:36:29.000Z,22.98,43.27,BuildingA_Floor1,TypeA
1078,2025-04-11T13:05:56.000Z,23.13,54.31,BuildingA_Floor1,TypeC
1020,2025-04-11T08:10:22.000Z,21.04,58.33,BuildingB_Floor1,TypeA
1039,2025-04-09T07:17:47.000Z,17.64,50.86,BuildingA_Floor2,TypeA
1060,2025-04-11T02:37:28.000Z,32.53,41.2,BuildingB_Floor1,TypeB
1076,2025-04-10T05:59:33.000Z,30.78,79.64,BuildingA_Floor1,TypeA
1052,2025-04-11T01:44:06.000Z,21.6,47.86,BuildingB_Floor1,TypeC
1088,2025-04-08T06:25:01.000Z,31.12,74.07,BuildingA_Floor2,TypeB
1067,2025-04-08T20:48:41.000Z,26.87,65.95,BuildingB_Floor2,TypeA
1060,2025-04-10T00:25:24.000Z,29.17,70.74,BuildingB_Floor1,TypeA
1061,2025-04-09T00:07:54.000Z,27.82,70.83,BuildingA_Floor2,TypeA
1093,2025-04-10T23:50:26.000Z,18.01,76.44,BuildingB_Floor1,TypeB
1061,2025-04-11T13:16:07.000Z,22.79,68.61,BuildingB_Floor1,TypeC
1044,2025-04-09T01:28:26.000Z,23.12,62.1,BuildingB_Floor2,TypeC
1084,2025-04-09T18:07:25.000Z,20.68,43.11,BuildingA_Floor2,TypeA
1063,2025-04-10T19:33:18.000Z,19.4,43.98,BuildingB_Floor1,TypeB
1022,2025-04-08T03:44:16.000Z,33.95,56.43,BuildingA_Floor2,TypeB
1014,2025-04-08T09:18:00.000Z,30.21,36.25,BuildingB_Floor2,TypeA
1090,2025-04-09T10:30:50.000Z,27.32,45.4,BuildingA_Floor2,TypeB
1050,2025-04-11T05:06:40.000Z,31.17,58.44,BuildingA_Floor2,TypeB
1049,2025-04-07T21:48:04.000Z,30.89,78.7,BuildingB_Floor1,TypeC
1050,2025-04-08T19:44:27.000Z,15.38,30.79,BuildingA_Floor1,TypeB
1070,2025-04-10T00:56:51.000Z,22.64,50.25,BuildingA_Floor2,TypeA
1083,2025-04-07T05:22:20.000Z,31.25,46.84,BuildingA_Floor2,TypeB
1025,2025-04-11T07:50:31.000Z,25.52,66.21,BuildingB_Floor1,TypeA
1048,2025-04-11T18:18:49.000Z,32.78,64.54,BuildingB_Floor1,TypeB
1045,2025-04-10T05:31:14.000Z,21.85,51.59,BuildingA_Floor2,TypeC
1053,2025-04-07T02:28:35.000Z,23.94,62.92,BuildingA_Floor2,TypeC
1061,2025-04-08T00:34:33.000Z,17.21,69.63,BuildingA_Floor1,TypeB
1015,2025-04-11T11:33:16.000Z,18.81,58.97,BuildingB_Floor1,TypeC
1040,2025-04-11T18:00:37.000Z,27.39,65.83,BuildingA_Floor1,TypeA
1089,2025-04-09T01:51:52.000Z,25.3,50.45,BuildingB_Floor2,TypeB
1061,2025-04-10T06:14:05.000Z,17.14,75.33,BuildingB_Floor2,TypeA
1046,2025-04-09T21:15:52.000Z,19.24,53.99,BuildingA_Floor2,TypeC
1040,2025-04-10T08:17:16.000Z,32.5,48.5,BuildingB_Floor1,TypeC
1057,2025-04-09T14:39:38.000Z,34.81,72.98,BuildingB_Floor1,TypeB
1070,2025-04-08T03:00:52.000Z,27.71,78.0,BuildingB_Floor2,TypeA
1049,2025-04-08T06:41:05.000Z,21.3,73.48,BuildingB_Floor1,TypeB
1067,2025-04-11T03:08:15.000Z,29.32,71.27,BuildingB_Floor1,TypeB
1028,2025-04-09T20:27:22.000Z,18.91,37.01,BuildingB_Floor1,TypeB
1023,2025-04-11T10:46:35.000Z,17.98,77.27,BuildingB_Floor1,TypeB
1070,2025-04-10T17:58:51.000Z,15.08,37.42,BuildingB_Floor2,TypeB
1070,2025-04-11T18:42:47.000Z,16.46,55.41,BuildingA_Floor1,TypeA
1031,2025-04-11T08:30:38.000Z,24.47,40.85,BuildingB_Floor1,TypeA
1052,2025-04-10T18:40:27.000Z,21.08,74.21,BuildingA_Floor2,TypeB
1053,2025-04-11T14:19:08.000Z,30.71,76.34,BuildingB_Floor1,TypeA
1024,2025-04-09T00:48:02.000Z,21.55,37.98,BuildingA_Floor1,TypeA
1034,2025-04-08T21:19:58.000Z,18.58,63.44,BuildingA_Floor1,TypeA
1053,2025-04-09T15:59:03.000Z,34.75,31.78,BuildingA_Floor1,TypeC
1091,2025-04-11T18:46:21.000Z,17.26,61.2,BuildingA_Floor2,TypeA
1066,2025-04-07T05:44:50.000Z,21.0,53.31,BuildingA_Floor1,TypeC
1041,2025-04-07T08:34:40.000Z,33.15,47.7,BuildingB_Floor2,TypeB
1081,2025-04-11T09:19:08.000Z,20.2,65.47,BuildingB_Floor2,TypeA
1033,2025-04-08T18:00:27.000Z,18.87,40.28,BuildingA_Floor2,TypeA
1060,2025-04-08T15:03:03.000Z,27.79,61.88,BuildingA_Floor1,TypeC
1044,2025-04-09T14:43:28.000Z,19.91,51.85,BuildingA_Floor1,TypeB
1011,2025-04-09T15:15:00.000Z,27.35,66.16,BuildingA_Floor2,TypeA
1097,2025-04-11T17:06:23.000Z,34.3,47.25,BuildingA_Floor2,TypeC
1062,2025-04-07T12:47:42.000Z,26.19,35.02,BuildingA_Floor2,TypeB
1015,2025-04-07T17:17:42.000Z,24.5,67.0,BuildingB_Floor2,TypeB
1092,2025-04-10T17:26:39.000Z,31.84,36.07,BuildingB_Floor2,TypeC
1099,2025-04-11T20:09:27.000Z,22.77,34.56,BuildingB_Floor2,TypeB
1001,2025-04-07T17:16:10.000Z,32.74,43.04,BuildingA_Floor2,TypeC
1015,2025-04-09T00:50:51.000Z,30.29,50.28,BuildingB_Floor2,TypeB
1089,2025-04-08T20:10:09.000Z,31.17,65.62,BuildingA_Floor1,TypeC
1085,2025-04-11T15:43:41.000Z,17.53,59.74,BuildingA_Floor2,TypeB
1070,2025-04-07T21:28:23.000Z,15.91,68.23,BuildingB_Floor2,TypeB
1081,2025-04-08T16:11:48.000Z,22.99,52.72,BuildingB_Floor2,TypeC
1004,2025-04-10T02:54:50.000Z,32.87,58.47,BuildingA_Floor1,TypeC
1093,2025-04-09T22:44:28.000Z,24.42,59.09,BuildingB_Floor1,TypeC
1019,2025-04-11T00:11:12.000Z,31.01,49.86,BuildingA_Floor2,TypeA
1062,2025-04-10T12:21:37.000Z,20.35,77.77,BuildingA_Floor1,TypeB
1032,2025-04-11T11:07:37.000Z,20.53,40.53,BuildingA_Floor1,TypeB
1065,2025-04-09T02:04:16.000Z,34.24,55.96,BuildingB_Floor1,TypeA
1022,2025-04-11T11:33:01.000Z,23.18,74.28,BuildingB_Floor1,TypeA
1040,2025-04-10T21:44:25.000Z,28.12,58.62,BuildingA_Floor1,TypeA
1069,2025-04-08T17:26:59.000Z,30.98,38.11,BuildingA_Floor2,TypeC
1040,2025-04-09T02:06:40.000Z,16.76,78.63,BuildingB_Floor2,TypeA
1056,2025-04-09T21:48:49.000Z,19.12,38.97,BuildingA_Floor2,TypeC
1053,2025-04-11T10:07:32.000Z,24.76,31.6,BuildingB_Floor2,TypeC
1004,2025-04-08T09:49:16.000Z,27.68,70.33,BuildingB_Floor1,TypeC
1064,2025-04-07T10:39:16.000Z,34.17,61.61,BuildingB_Floor2,TypeC
1073,2025-04-08T19:33:58.000Z,20.78,58.8,BuildingA_Floor1,TypeB
1027,2025-04-09T06:23:55.000Z,18.51,57.96,BuildingB_Floor1,TypeA
1080,2025-04-11T23:30:51.000Z,28.03,69.65,BuildingB_Floor2,TypeB
1060,2025-04-07T11:09:31.000Z,19.46,47.62,BuildingA_Floor2,TypeB
1021,2025-04-07T02:27:17.000Z,18.32,56.56,BuildingA_Floor2,TypeB
1043,2025-04-09T01:13:34.000Z,24.73,74.21,BuildingB_Floor2,TypeA
1019,2025-04-10T21:29:03.000Z,25.57,30.54,BuildingB_Floor2,TypeC
1017,2025-04-08T09:12:28.000Z,26.36,43.3,BuildingA_Floor2,TypeC
1074,2025-04-10T09:23:31.000Z,26.62,36.71,BuildingA_Floor1,TypeB
1049,2025-04-09T14:22:10.000Z,22.83,47.57,BuildingB_Floor2,TypeB
1021,2025-04-09T19:12:40.000Z,25.52,53.93,BuildingB_Floor2,TypeA
1031,2025-04-08T06:11:24.000Z,17.46,73.95,BuildingB_Floor1,TypeA
1091,2025-04-09T01:04:11.000Z,20.97,39.58,BuildingB_Floor2,TypeC
1054,2025-04-09T13:08:41.000Z,23.09,68.52,BuildingA_Floor1,TypeA
1020,2025-04-08T19:10:27.000Z,23.91,45.1,BuildingA_Floor1,TypeC
1033,2025-04-10T07:38:58.000Z,23.36,47.42,BuildingB_Floor1,TypeC
1086,2025-04-11T11:59:49.000Z,21.02,67.68,BuildingB_Floor1,TypeB
1063,2025-04-08T10:32:13.000Z,31.18,55.4,BuildingB_Floor1,TypeA
1064,2025-04-10T11:37:57.000Z,27.81,77.02,BuildingA_Floor1,TypeC
1071,2025-04-09T10:34:24.000Z,26.04,69.02,BuildingA_Floor2,TypeB
1077,2025-04-09T00:36:32.000Z,26.5,71.65,BuildingB_Floor1,TypeC
1091,2025-04-11T15:07:18.000Z,23.58,47.35,BuildingB_Floor1,TypeB
1052,2025-04-09T06:20:37.000Z,22.64,55.66,BuildingB_Floor2,TypeA
1058,2025-04-07T19:13:04.000Z,24.29,63.99,BuildingA_Floor2,TypeC
1055,2025-04-09T15:52:25.000Z,33.49,38.59,BuildingB_Floor2,TypeB
1008,2025-04-10T05:56:21.000Z,33.91,49.46,BuildingB_Floor1,TypeB
1009,2025-04-08T21:19:57.000Z,21.07,50.94,BuildingB_Floor2,TypeC
1097,2025-04-09T14:33:54.000Z,16.21,63.56,BuildingB_Floor1,TypeC
1011,2025-04-08T09:40:47.000Z,32.66,51.85,BuildingB_Floor2,TypeC
1065,2025-04-08T19:13:31.000Z,17.89,49.84,BuildingB_Floor2,TypeB
1086,2025-04-08T05:11:19.000Z,22.71,72.45,BuildingB_Floor2,TypeC
1067,2025-04-07T12:03:07.000Z,28.96,75.85,BuildingB_Floor1,TypeC
1056,2025-04-08T08:45:41.000Z,21.71,34.56,BuildingB_Floor2,TypeA
1041,2025-04-08T13:08:53.000Z,28.17,64.94,BuildingA_Floor2,TypeA
1060,2025-04-10T19:10:42.000Z,27.48,59.84,BuildingB_Floor1,TypeA
1083,2025-04-09T09:33:15.000Z,18.18,71.87,BuildingB_Floor1,TypeA
1025,2025-04-07T22:30:23.000Z,18.21,59.34,BuildingB_Floor1,TypeB
1077,2025-04-11T00:31:39.000Z,23.49,73.41,BuildingB_Floor2,TypeB
1098,2025-04-10T12:21:31.000Z,20.49,61.72,BuildingB_Floor1,TypeC
1019,2025-04-08T06:23:32.000Z,34.38,47.48,BuildingA_Floor1,TypeC
1068,2025-04-09T17:30:57.000Z,23.54,48.68,BuildingA_Floor1,TypeB
1032,2025-04-08T02:10:45.000Z,16.53,65.36,BuildingB_Floor2,TypeC
1016,2025-04-10T21:20:30.000Z,20.68,67.64,BuildingA_Floor2,TypeC
1076,2025-04-09T19:07:55.000Z,32.86,44.75,BuildingB_Floor2,TypeB
1061,2025-04-09T14:47:44.000Z,26.16,46.98,BuildingB_Floor1,TypeA
1098,2025-04-11T06:00:54.000Z,30.23,39.23,BuildingB_Floor2,TypeA
1040,2025-04-10T04:22:40.000Z,33.96,37.9,BuildingA_Floor1,TypeA
1055,2025-04-08T23:13:00.000Z,23.08,62.61,BuildingA_Floor1,TypeC
1016,2025-04-10T05:42:07.000Z,25.15,56.91,BuildingB_Floor1,TypeB
1083,2025-04-09T05:18:30.000Z,21.44,54.25,BuildingB_Floor2,TypeB
1098,2025-04-08T22:03:35.000Z,28.72,50.07,BuildingB_Floor1,TypeB
1097,2025-04-08T22:32:08.000Z,32.42,38.35,BuildingA_Floor2,TypeB
1007,2025-04-09T18:20:15.000Z,21.67,48.04,BuildingB_Floor2,TypeB
1026,2025-04-10T19:32:49.000Z,27.12,54.29,BuildingA_Floor2,TypeA
1045,2025-04-11T15:07:16.000Z,17.25,60.48,BuildingA_Floor1,TypeB
1068,2025-04-07T05:20:26.000Z,24.2,71.36,BuildingA_Floor2,TypeB
1028,2025-04-09T14:24:51.000Z,15.48,51.11,BuildingB_Floor2,TypeA
1039,2025-04-08T16:19:04.000Z,29.9,61.83,BuildingB_Floor2,TypeA
1039,2025-04-11T22:06:28.000Z,32.86,68.91,BuildingB_Floor2,TypeB
1077,2025-04-07T03:12:37.000Z,22.26,68.86,BuildingB_Floor1,TypeB
1018,2025-04-10T07:30:27.000Z,18.98,44.76,BuildingA_Floor2,TypeC
1011,2025-04-09T04:48:27.000Z,23.64,61.42,BuildingB_Floor1,TypeC
1077,2025-04-10T19:20:05.000Z,15.92,72.79,BuildingB_Floor1,TypeC
1089,2025-04-10T00:25:08.000Z,20.89,46.02,BuildingA_Floor2,TypeB
1057,2025-04-09T21:53:11.000Z,24.83,71.15,BuildingB_Floor1,TypeB
1069,2025-04-11T19:48:08.000Z,15.38,53.77,BuildingA_Floor1,TypeC
1014,2025-04-08T23:11:56.000Z,27.96,48.72,BuildingA_Floor2,TypeA
1014,2025-04-08T21:35:58.000Z,20.29,78.32,BuildingA_Floor2,TypeC
1026,2025-04-10T21:00:04.000Z,15.29,69.72,BuildingA_Floor2,TypeA
1034,2025-04-11T19:07:08.000Z,28.19,47.45,BuildingB_Floor2,TypeA
1014,2025-04-10T23:19:01.000Z,16.83,67.75,BuildingB_Floor1,TypeB
1097,2025-04-09T12:58:55.000Z,17.28,42.21,BuildingB_Floor1,TypeC
1027,2025-04-08T09:52:51.000Z,24.29,78.25,BuildingA_Floor2,TypeB
1064,2025-04-11T17:52:11.000Z,30.2,65.56,BuildingA_Floor1,TypeC
1038,2025-04-09T20:08:59.000Z,25.18,72.18,BuildingB_Floor1,TypeC
1001,2025-04-07T20:32:17.000Z,26.04,73.74,BuildingA_Floor1,TypeC
1045,2025-04-07T15:08:17.000Z,21.8,63.61,BuildingB_Floor2,TypeC
1021,2025-04-11T14:30:39.000Z,30.81,38.39,BuildingB_Floor2,TypeA
1083,2025-04-08T14:21:34.000Z,31.9,37.99,BuildingB_Floor1,TypeC
1040,2025-04-08T03:43:50.000Z,15.82,55.36,BuildingA_Floor2,TypeC
1096,2025-04-08T04:09:06.000Z,21.29,56.03,BuildingB_Floor1,TypeA
1081,2025-04-09T03:59:58.000Z,26.83,33.5,BuildingB_Floor1,TypeC
1047,2025-04-07T09:35:42.000Z,18.15,76.29,BuildingA_Floor1,TypeB
1050,2025-04-10T12:10:37.000Z,32.81,42.71,BuildingB_Floor1,TypeC
1002,2025-04-11T16:45:02.000Z,33.37,48.27,BuildingB_Floor1,TypeA
1060,2025-04-09T05:44:09.000Z,23.91,66.57,BuildingB_Floor2,TypeA
1034,2025-04-10T11:29:30.000Z,26.03,43.65,BuildingB_Floor2,TypeB
1093,2025-04-10T09:41:51.000Z,33.47,61.22,BuildingA_Floor1,TypeC
1071,2025-04-08T18:24:09.000Z,27.34,34.1,BuildingA_Floor1,TypeB
1037,2025-04-09T04:45:40.000Z,27.08,41.92,BuildingB_Floor2,TypeA
1017,2025-04-11T22:16:08.000Z,15.31,77.43,BuildingA_Floor2,TypeB
1090,2025-04-07T02:49:11.000Z,27.85,77.32,BuildingA_Floor2,TypeC
1056,2025-04-08T14:02:54.000Z,34.79,78.2,BuildingA_Floor1,TypeC
1031,2025-04-08T08:09:33.000Z,30.87,40.27,BuildingA_Floor1,TypeB
1026,2025-04-08T20:27:18.000Z,19.91,71.4,BuildingB_Floor2,TypeC
1077,2025-04-10T15:51:33.000Z,26.22,58.61,BuildingB_Floor1,TypeC
1035,2025-04-11T12:52:03.000Z,29.15,71.41,BuildingB_Floor2,TypeA
1010,2025-04-11T23:48:17.000Z,30.66,40.56,BuildingB_Floor1,TypeA
1045,2025-04-07T10:24:35.000Z,20.58,50.85,BuildingB_Floor2,TypeB
1100,2025-04-07T01:54:11.000Z,18.43,38.33,BuildingB_Floor1,TypeB
1054,2025-04-11T23:02:05.000Z,19.7,49.98,BuildingA_Floor1,TypeB
1097,2025-04-09T09:18:22.000Z,33.55,61.76,BuildingB_Floor1,TypeC
1075,2025-04-10T14:53:26.000Z,19.48,51.82,BuildingB_Floor2,TypeA
1092,2025-04-11T01:47:09.000Z,31.91,67.37,BuildingA_Floor2,TypeA
1053,2025-04-10T12:00:14.000Z,27.4,40.7,BuildingA_Floor2,TypeB
1058,2025-04-11T21:45:54.000Z,28.56,50.15,BuildingB_Floor1,TypeB
1094,2025-04-07T11:43:44.000Z,23.03,31.46,BuildingB_Floor2,TypeC
1028,2025-04-11T01:45:57.000Z,20.29,40.63,BuildingA_Floor1,TypeA
1019,2025-04-08T23:44:56.000Z,26.93,64.27,BuildingA_Floor1,TypeA
1098,2025-04-09T19:35:34.000Z,18.84,30.81,BuildingA_Floor1,TypeB
1039,2025-04-08T08:41:32.000Z,16.53,43.46,BuildingA_Floor2,TypeA
1011,2025-04-11T04:07:23.000Z,29.07,38.94,BuildingA_Floor1,TypeB
1035,2025-04-12T00:03:06.000Z,23.36,69.23,BuildingB_Floor1,TypeB
1003,2025-04-07T05:29:59.000Z,24.13,73.81,BuildingB_Floor2,TypeA
1037,2025-04-11T09:13:51.000Z,18.99,40.49,BuildingA_Floor2,TypeB
1039,2025-04-10T04:52:34.000Z,24.59,68.66,BuildingB_Floor2,TypeC
1035,2025-04-10T15:49:01.000Z,17.26,78.97,BuildingA_Floor2,TypeA
1067,2025-04-11T12:05:36.000Z,34.63,32.17,BuildingB_Floor1,TypeC
1057,2025-04-08T17:53:30.000Z,32.97,44.16,BuildingA_Floor2,TypeB
1059,2025-04-09T21:43:48.000Z,19.39,66.08,BuildingB_Floor2,TypeC
1048,2025-04-09T07:32:05.000Z,18.58,53.83,BuildingA_Floor2,TypeC
1071,2025-04-11T11:45:32.000Z,17.57,44.82,BuildingA_Floor1,TypeB
1083,2025-04-12T01:17:17.000Z,17.17,65.59,BuildingA_Floor2,TypeB
1054,2025-04-10T12:22:22.000Z,18.55,58.06,BuildingB_Floor2,TypeC
1035,2025-04-11T02:45:04.000Z,20.18,52.12,BuildingA_Floor2,TypeC
1021,2025-04-07T20:22:52.000Z,22.19,44.58,BuildingB_Floor1,TypeB
1072,2025-04-11T19:00:33.000Z,31.21,39.51,BuildingB_Floor1,TypeC
1084,2025-04-11T08:31:34.000Z,31.02,50.24,BuildingA_Floor2,TypeB
1003,2025-04-07T21:39:37.000Z,28.67,76.53,BuildingA_Floor1,TypeC
1017,2025-04-08T11:57:00.000Z,30.32,70.89,BuildingA_Floor1,TypeA
1048,2025-04-10T00:49:25.000Z,32.15,51.81,BuildingA_Floor2,TypeC
1037,2025-04-08T17:29:08.000Z,29.04,32.81,BuildingA_Floor1,TypeA
1085,2025-04-10T03:56:56.000Z,18.02,37.2,BuildingA_Floor1,TypeC
1020,2025-04-09T04:48:33.000Z,24.27,47.63,BuildingA_Floor1,TypeB
1042,2025-04-07T21:04:39.000Z,21.88,59.47,BuildingA_Floor1,TypeA
1054,2025-04-10T19:18:44.000Z,24.36,53.31,BuildingB_Floor2,TypeA
1026,2025-04-10T16:39:47.000Z,32.12,78.27,BuildingA_Floor2,TypeB
1093,2025-04-10T17:00:43.000Z,26.86,39.51,BuildingA_Floor2,TypeC
1000,2025-04-10T03:43:01.000Z,19.39,37.57,BuildingA_Floor2,TypeA
1024,2025-04-07T23:31:40.000Z,22.56,76.11,BuildingB_Floor1,TypeC
1021,2025-04-10T21:17:23.000Z,16.44,45.43,BuildingA_Floor2,TypeC
1085,2025-04-10T08:12:48.000Z,27.27,68.65,BuildingB_Floor1,TypeA
1038,2025-04-08T23:54:01.000Z,22.89,79.3,BuildingA_Floor1,TypeC
1090,2025-04-09T07:50:09.000Z,26.87,43.83,BuildingB_Floor2,TypeB
1074,2025-04-11T14:04:50.000Z,17.45,69.25,BuildingA_Floor2,TypeB
1052,2025-04-09T08:52:54.000Z,17.92,54.5,BuildingB_Floor2,TypeC
1055,2025-04-10T09:33:18.000Z,32.66,33.39,BuildingA_Floor2,TypeC
1085,2025-04-09T23:46:27.000Z,25.54,73.56,BuildingB_Floor2,TypeB
1044,2025-04-11T04:01:29.000Z,27.63,45.72,BuildingA_Floor2,TypeA
1043,2025-04-07T13:31:56.000Z,27.74,30.14,BuildingB_Floor1,TypeA
1023,2025-04-10T12:47:38.000Z,30.83,58.42,BuildingA_Floor2,TypeB
1100,2025-04-12T00:04:38.000Z,21.42,32.39,BuildingB_Floor2,TypeA
1009,2025-04-10T19:37:13.000Z,28.79,68.29,BuildingA_Floor2,TypeA
1088,2025-04-07T22:28:47.000Z,19.66,48.02,BuildingA_Floor1,TypeB
1028,2025-04-07T21:56:13.000Z,33.64,42.25,BuildingB_Floor2,TypeA
1010,2025-04-11T10:09:17.000Z,28.79,79.16,BuildingA_Floor2,TypeB
1099,2025-04-10T00:32:58.000Z,23.34,55.35,BuildingB_Floor1,TypeA
1062,2025-04-08T22:59:58.000Z,15.95,55.54,BuildingA_Floor2,TypeA
1034,2025-04-10T14:27:38.000Z,16.1,39.18,BuildingA_Floor2,TypeA
1043,2025-04-11T17:50:51.000Z,34.9,52.05,BuildingA_Floor1,TypeA
1073,2025-04-11T02:12:07.000Z,30.14,59.44,BuildingA_Floor2,TypeA
1048,2025-04-10T02:04:30.000Z,29.9,74.47,BuildingB_Floor1,TypeC
1011,2025-04-11T22:18:27.000Z,17.62,72.47,BuildingA_Floor2,TypeC
1014,2025-04-11T23:51:32.000Z,32.31,38.13,BuildingB_Floor2,TypeA
1068,2025-04-08T12:46:14.000Z,24.42,70.54,BuildingB_Floor2,TypeB
1005,2025-04-09T05:37:55.000Z,30.68,54.08,BuildingB_Floor2,TypeA
1046,2025-04-07T20:51:55.000Z,24.32,63.06,BuildingB_Floor1,TypeC
1096,2025-04-10T00:52:44.000Z,18.64,68.8,BuildingB_Floor1,TypeA
1024,2025-04-08T08:34:54.000Z,28.68,33.5,BuildingB_Floor1,TypeA
1059,2025-04-08T20:06:14.000Z,32.92,32.75,BuildingA_Floor1,TypeA
1023,2025-04-09T00:49:50.000Z,18.19,30.81,BuildingA_Floor2,TypeC
1000,2025-04-08T13:15:24.000Z,15.58,32.3,BuildingA_Floor1,TypeA
1072,2025-04-10T02:23:16.000Z,28.11,60.13,BuildingB_Floor1,TypeC
1083,2025-04-10T04:15:38.000Z,26.31,61.76,BuildingA_Floor2,TypeB
1098,2025-04-08T06:58:37.000Z,31.44,75.02,BuildingB_Floor2,TypeC
1086,2025-04-09T09:10:26.000Z,24.22,60.23,BuildingA_Floor2,TypeC
1077,2025-04-10T08:27:25.000Z,19.2,40.08,BuildingA_Floor2,TypeC
1009,2025-04-09T05:10:07.000Z,19.6,46.03,BuildingA_Floor2,TypeC
1085,2025-04-10T17:37:58.000Z,19.87,74.56,BuildingA_Floor2,TypeA
1042,2025-04-10T04:43:16.000Z,26.29,43.24,BuildingA_Floor2,TypeB
1039,2025-04-11T12:06:44.000Z,19.27,62.36,BuildingA_Floor2,TypeC
1080,2025-04-07T02:05:19.000Z,17.18,37.49,BuildingA_Floor1,TypeA
1000,2025-04-08T00:17:38.000Z,26.56,33.63,BuildingB_Floor1,TypeC
1086,2025-04-10T03:56:10.000Z,30.2,69.3,BuildingB_Floor2,TypeC
1096,2025-04-09T17:24:48.000Z,33.4,42.91,BuildingA_Floor2,TypeA
1063,2025-04-11T11:37:45.000Z,34.04,70.28,BuildingA_Floor2,TypeA
1003,2025-04-10T19:18:56.000Z,24.78,50.68,BuildingB_Floor1,TypeA
1002,2025-04-09T22:20:39.000Z,21.22,53.44,BuildingB_Floor2,TypeA
1029,2025-04-11T14:56:56.000Z,17.26,31.27,BuildingB_Floor2,TypeC
1098,2025-04-11T03:58:19.000Z,23.83,40.4,BuildingA_Floor1,TypeB
1004,2025-04-08T15:32:58.000Z,22.32,44.39,BuildingB_Floor2,TypeA
1071,2025-04-09T03:44:23.000Z,25.73,41.05,BuildingB_Floor1,TypeB
1097,2025-04-11T23:20:39.000Z,18.96,76.78,BuildingB_Floor2,TypeB
1092,2025-04-11T07:08:16.000Z,21.79,67.4,BuildingA_Floor2,TypeC
1032,2025-04-09T09:32:02.000Z,33.62,69.97,BuildingB_Floor1,TypeC
1074,2025-04-11T18:30:45.000Z,21.29,50.29,BuildingB_Floor1,TypeA
1095,2025-04-10T07:22:16.000Z,20.41,42.41,BuildingA_Floor1,TypeA
1049,2025-04-09T06:51:29.000Z,19.98,63.35,BuildingA_Floor1,TypeC
1007,2025-04-12T00:52:39.000Z,20.33,75.02,BuildingA_Floor1,TypeC
1066,2025-04-07T08:56:19.000Z,31.29,62.38,BuildingB_Floor1,TypeC
1099,2025-04-10T10:29:27.000Z,18.85,59.48,BuildingA_Floor1,TypeA
1053,2025-04-07T09:22:25.000Z,16.18,48.99,BuildingA_Floor1,TypeB
1053,2025-04-08T14:14:08.000Z,31.85,37.79,BuildingB_Floor2,TypeA
1084,2025-04-07T08:37:28.000Z,17.62,31.04,BuildingB_Floor2,TypeC
1081,2025-04-11T13:31:44.000Z,16.9,51.62,BuildingB_Floor1,TypeC
1048,2025-04-10T18:41:02.000Z,16.99,70.02,BuildingB_Floor1,TypeC
1075,2025-04-08T01:49:51.000Z,25.82,48.4,BuildingB_Floor2,TypeA
1080,2025-04-10T19:11:50.000Z,20.91,51.91,BuildingA_Floor2,TypeB
1082,2025-04-12T00:18:59.000Z,27.49,33.08,BuildingB_Floor2,TypeC
1081,2025-04-11T01:35:13.000Z,16.27,48.38,BuildingB_Floor2,TypeA
1006,2025-04-11T20:55:15.000Z,17.66,58.4,BuildingB_Floor1,TypeB
1005,2025-04-07T07:44:25.000Z,18.99,72.37,BuildingA_Floor1,TypeC
1080,2025-04-08T04:08:50.000Z,25.4,43.29,BuildingB_Floor1,TypeB
1030,2025-04-08T09:46:22.000Z,28.19,33.92,BuildingB_Floor1,TypeC
1086,2025-04-07T17:56:03.000Z,22.25,65.76,BuildingA_Floor2,TypeB
1004,2025-04-11T21:14:36.000Z,20.18,56.74,BuildingB_Floor1,TypeC
1019,2025-04-07T16:47:03.000Z,25.92,31.16,BuildingB_Floor2,TypeB
1058,2025-04-08T17:56:31.000Z,17.43,34.45,BuildingB_Floor1,TypeA
1010,2025-04-07T03:26:50.000Z,29.73,68.31,BuildingB_Floor2,TypeA
1090,2025-04-11T17:34:31.000Z,23.01,68.74,BuildingB_Floor2,TypeA
1100,2025-04-08T03:24:21.000Z,16.19,37.83,BuildingB_Floor1,TypeC
1061,2025-04-10T13:21:14.000Z,23.69,35.93,BuildingA_Floor1,TypeB
1067,2025-04-11T03:12:35.000Z,17.72,58.19,BuildingA_Floor2,TypeA
1041,2025-04-07T03:22:22.000Z,23.13,75.78,BuildingB_Floor2,TypeB
1065,2025-04-10T23:21:04.000Z,23.22,43.9,BuildingB_Floor2,TypeB
1031,2025-04-07T07:29:13.000Z,29.19,77.36,BuildingB_Floor2,TypeA
1001,2025-04-10T23:35:27.000Z,18.84,71.0,BuildingA_Floor2,TypeB
1039,2025-04-11T00:30:01.000Z,24.94,31.43,BuildingB_Floor2,TypeA
1006,2025-04-12T00:51:51.000Z,20.45,77.25,BuildingA_Floor1,TypeB
1075,2025-04-10T12:48:02.000Z,24.3,77.29,BuildingA_Floor1,TypeA
1024,2025-04-08T16:17:20.000Z,34.79,56.45,BuildingB_Floor1,TypeA
1042,2025-04-07T22:12:14.000Z,23.25,68.59,BuildingB_Floor1,TypeC
1070,2025-04-11T22:13:48.000Z,26.56,58.48,BuildingA_Floor1,TypeC
1082,2025-04-08T03:00:48.000Z,15.4,33.06,BuildingB_Floor1,TypeC
1002,2025-04-08T08:24:31.000Z,19.93,32.81,BuildingB_Floor2,TypeC
1019,2025-04-09T05:27:28.000Z,34.59,37.84,BuildingA_Floor1,TypeB
1024,2025-04-09T01:46:54.000Z,24.41,39.39,BuildingB_Floor1,TypeC
1036,2025-04-09T15:28:35.000Z,23.7,31.83,BuildingA_Floor2,TypeB
1058,2025-04-11T23:04:31.000Z,25.84,77.48,BuildingA_Floor1,TypeC
1030,2025-04-08T14:48:18.000Z,20.88,31.8,BuildingA_Floor2,TypeB
1041,2025-04-09T06:47:30.000Z,33.09,46.5,BuildingB_Floor2,TypeB
1083,2025-04-09T06:32:14.000Z,24.62,31.49,BuildingA_Floor1,TypeC
1042,2025-04-08T23:43:10.000Z,24.16,38.17,BuildingA_Floor2,TypeC
1046,2025-04-07T04:35:56.000Z,21.62,64.74,BuildingB_Floor2,TypeB
1047,2025-04-09T03:41:50.000Z,31.89,66.82,BuildingA_Floor2,TypeB
1047,2025-04-10T09:13:22.000Z,15.89,62.34,BuildingA_Floor1,TypeC
1078,2025-04-07T23:30:36.000Z,30.17,77.8,BuildingA_Floor1,TypeC
1065,2025-04-11T03:40:01.000Z,21.4,70.77,BuildingA_Floor1,TypeA
1049,2025-04-11T11:50:20.000Z,34.71,33.31,BuildingA_Floor2,TypeA
1081,2025-04-07T09:11:26.000Z,18.83,46.14,BuildingB_Floor1,TypeC
1094,2025-04-11T15:29:35.000Z,27.31,49.28,BuildingA_Floor2,TypeC
1019,2025-04-08T12:29:09.000Z,21.53,47.94,BuildingA_Floor1,TypeB
1055,2025-04-09T16:37:29.000Z,15.62,53.59,BuildingA_Floor2,TypeB
1076,2025-04-09T19:23:55.000Z,20.2,45.0,BuildingB_Floor1,TypeC
1052,2025-04-08T11:28:30.000Z,19.99,44.28,BuildingA_Floor1,TypeA
1029,2025-04-10T00:31:34.000Z,25.83,58.06,BuildingB_Floor1,TypeB
1024,2025-04-11T23:13:06.000Z,16.49,42.35,BuildingA_Floor2,TypeB
1048,2025-04-09T13:28:33.000Z,32.4,68.83,BuildingB_Floor1,TypeA
1052,2025-04-08T17:10:53.000Z,28.49,42.5,BuildingB_Floor1,TypeC
1016,2025-04-10T11:56:32.000Z,34.21,44.01,BuildingA_Floor1,TypeA
1082,2025-04-09T17:25:10.000Z,21.6,50.62,BuildingB_Floor2,TypeC
1040,2025-04-10T01:15:03.000Z,25.85,47.43,BuildingA_Floor1,TypeB
1034,2025-04-11T16:07:40.000Z,27.63,74.19,BuildingA_Floor1,TypeA
1028,2025-04-09T16:03:04.000Z,21.37,30.44,BuildingA_Floor2,TypeC
1070,2025-04-10T21:07:47.000Z,31.1,75.97,BuildingA_Floor2,TypeC
1009,2025-04-09T04:53:06.000Z,15.73,77.11,BuildingA_Floor1,TypeC
1021,2025-04-11T10:22:16.000Z,15.46,66.43,BuildingA_Floor2,TypeC
1069,2025-04-08T00:51:41.000Z,18.32,45.65,BuildingA_Floor2,TypeB
1004,2025-04-10T05:10:17.000Z,34.84,69.21,BuildingA_Floor2,TypeC
1034,2025-04-07T20:47:01.000Z,26.61,51.28,BuildingA_Floor2,TypeB
1053,2025-04-11T10:16:02.000Z,21.52,61.32,BuildingA_Floor1,TypeB
1032,2025-04-09T10:25:31.000Z,33.97,50.53,BuildingB_Floor1,TypeB
1061,2025-04-07T18:58:06.000Z,24.56,48.56,BuildingB_Floor1,TypeA
1100,2025-04-07T15:12:26.000Z,32.84,68.34,BuildingB_Floor2,TypeB
1039,2025-04-09T09:32:54.000Z,22.85,77.12,BuildingB_Floor1,TypeC
1075,2025-04-09T11:41:19.000Z,25.8,47.82,BuildingA_Floor2,TypeA
1054,2025-04-08T05:01:17.000Z,23.73,32.96,BuildingA_Floor1,TypeB
1058,2025-04-12T00:10:53.000Z,20.92,66.98,BuildingA_Floor2,TypeC
1032,2025-04-07T11:28:08.000Z,21.75,54.06,BuildingA_Floor2,TypeB
1056,2025-04-11T07:05:34.000Z,23.58,55.54,BuildingA_Floor2,TypeA
1079,2025-04-09T18:37:26.000Z,28.61,60.8,BuildingB_Floor2,TypeB
1067,2025-04-08T11:21:15.000Z,33.37,51.92,BuildingA_Floor2,TypeB
1061,2025-04-09T19:32:14.000Z,33.64,76.6,BuildingB_Floor2,TypeA
1100,2025-04-08T16:27:59.000Z,28.18,71.94,BuildingA_Floor1,TypeB
1072,2025-04-07T08:17:03.000Z,21.47,36.94,BuildingB_Floor1,TypeC
1051,2025-04-07T04:06:01.000Z,25.64,32.84,BuildingA_Floor1,TypeB
1079,2025-04-10T02:29:25.000Z,23.14,72.73,BuildingA_Floor1,TypeC
1079,2025-04-09T12:11:37.000Z,19.33,52.97,BuildingA_Floor1,TypeC
1090,2025-04-08T09:19:00.000Z,16.95,52.91,BuildingA_Floor2,TypeA
1011,2025-04-11T13:27:33.000Z,20.35,37.34,BuildingB_Floor2,TypeA
1011,2025-04-10T14:19:09.000Z,31.95,71.25,BuildingB_Floor1,TypeB
1097,2025-04-10T14:00:24.000Z,30.31,77.26,BuildingA_Floor2,TypeC
1066,2025-04-07T02:55:16.000Z,20.38,65.2,BuildingA_Floor1,TypeA
1011,2025-04-08T23:24:50.000Z,19.31,51.65,BuildingA_Floor2,TypeB
1061,2025-04-11T18:11:12.000Z,26.45,60.61,BuildingA_Floor1,TypeB
1031,2025-04-10T06:23:34.000Z,32.59,43.6,BuildingA_Floor1,TypeB
1063,2025-04-10T17:54:07.000Z,21.73,49.26,BuildingB_Floor2,TypeC
1049,2025-04-11T19:41:05.000Z,26.98,77.29,BuildingA_Floor1,TypeC
1026,2025-04-07T16:48:08.000Z,16.59,75.11,BuildingB_Floor1,TypeA
1098,2025-04-11T12:47:24.000Z,18.21,56.37,BuildingB_Floor2,TypeA
1072,2025-04-10T16:09:07.000Z,25.51,75.67,BuildingA_Floor2,TypeB
1015,2025-04-08T07:46:11.000Z,23.89,50.78,BuildingA_Floor1,TypeC
1083,2025-04-11T12:51:36.000Z,22.87,61.8,BuildingB_Floor2,TypeB
1053,2025-04-10T07:26:01.000Z,24.73,79.25,BuildingA_Floor1,TypeC
1100,2025-04-11T01:09:35.000Z,27.77,73.24,BuildingA_Floor1,TypeC
1075,2025-04-07T13:38:06.000Z,15.1,40.32,BuildingB_Floor2,TypeB
1048,2025-04-11T14:57:52.000Z,20.51,32.35,BuildingB_Floor1,TypeC
1077,2025-04-11T21:27:34.000Z,28.84,57.44,BuildingB_Floor1,TypeA
1026,2025-04-10T00:14:01.000Z,33.75,70.95,BuildingB_Floor2,TypeA
1014,2025-04-09T13:52:09.000Z,24.36,48.57,BuildingB_Floor1,TypeA
1034,2025-04-08T05:22:15.000Z,26.58,30.84,BuildingB_Floor1,TypeB
1085,2025-04-09T14:20:41.000Z,16.21,68.42,BuildingA_Floor1,TypeC
1094,2025-04-11T05:56:49.000Z,34.73,44.64,BuildingA_Floor2,TypeC
1098,2025-04-10T00:21:51.000Z,21.29,55.58,BuildingA_Floor2,TypeA
1044,2025-04-08T19:15:29.000Z,32.41,36.04,BuildingB_Floor1,TypeA
1028,2025-04-09T18:10:20.000Z,17.86,66.14,BuildingA_Floor1,TypeA
1094,2025-04-10T15:47:07.000Z,25.33,76.49,BuildingB_Floor1,TypeB
1084,2025-04-09T04:00:03.000Z,22.75,35.99,BuildingA_Floor2,TypeC
1055,2025-04-09T01:05:05.000Z,27.87,51.55,BuildingA_Floor2,TypeB
1026,2025-04-07T05:24:33.000Z,25.39,42.79,BuildingB_Floor1,TypeC
1042,2025-04-07T16:34:18.000Z,21.2,68.83,BuildingB_Floor2,TypeB
1077,2025-04-07T17:18:11.000Z,22.8,67.2,BuildingA_Floor1,TypeA
1077,2025-04-09T09:38:02.000Z,25.14,53.18,BuildingA_Floor1,TypeA
1005,2025-04-07T18:30:11.000Z,18.11,57.35,BuildingB_Floor2,TypeB
1015,2025-04-08T23:09:01.000Z,33.69,65.55,BuildingA_Floor2,TypeC
1036,2025-04-07T19:21:07.000Z,18.26,72.67,BuildingA_Floor1,TypeA
1012,2025-04-11T11:55:01.000Z,33.13,52.0,BuildingB_Floor2,TypeC
1053,2025-04-07T14:25:15.000Z,19.95,61.15,BuildingB_Floor2,TypeA
1039,2025-04-07T22:29:26.000Z,18.16,33.83,BuildingB_Floor2,TypeA
1081,2025-04-11T18:19:09.000Z,25.74,54.37,BuildingA_Floor2,TypeB
1017,2025-04-09T13:21:37.000Z,28.48,74.9,BuildingB_Floor1,TypeA
1076,2025-04-08T05:59:31.000Z,18.25,57.72,BuildingA_Floor2,TypeA
1021,2025-04-10T05:21:46.000Z,25.83,78.09,BuildingB_Floor2,TypeA
1092,2025-04-11T03:24:59.000Z,30.68,30.83,BuildingA_Floor1,TypeA
1049,2025-04-10T15:13:33.000Z,27.45,67.18,BuildingA_Floor1,TypeB
1073,2025-04-08T15:25:21.000Z,29.95,43.43,BuildingB_Floor1,TypeA
1096,2025-04-08T02:13:27.000Z,19.56,71.52,BuildingB_Floor1,TypeA
1024,2025-04-08T21:14:18.000Z,34.58,39.97,BuildingB_Floor2,TypeB
1063,2025-04-11T04:06:12.000Z,22.71,65.76,BuildingB_Floor1,TypeB
1065,2025-04-08T05:39:24.000Z,23.62,44.13,BuildingA_Floor2,TypeC
1034,2025-04-07T18:15:18.000Z,34.42,47.05,BuildingB_Floor1,TypeA
1079,2025-04-07T14:08:33.000Z,28.61,76.45,BuildingA_Floor2,TypeA
1065,2025-04-08T21:06:53.000Z,15.6,65.87,BuildingA_Floor2,TypeC
1008,2025-04-09T10:45:59.000Z,34.32,38.09,BuildingA_Floor1,TypeA
1076,2025-04-10T08:03:02.000Z,29.19,72.1,BuildingA_Floor2,TypeC
1004,2025-04-08T21:07:26.000Z,15.27,66.12,BuildingA_Floor1,TypeA
1009,2025-04-10T05:06:41.000Z,23.04,55.74,BuildingB_Floor1,TypeA
1094,2025-04-07T11:52:41.000Z,28.91,72.14,BuildingA_Floor2,TypeA
1037,2025-04-10T18:53:01.000Z,16.9,43.79,BuildingA_Floor2,TypeB
1098,2025-04-07T17:27:56.000Z,25.41,67.73,BuildingA_Floor1,TypeC
1064,2025-04-09T07:20:43.000Z,34.66,33.99,BuildingB_Floor2,TypeB
1053,2025-04-07T04:42:05.000Z,19.87,60.56,BuildingA_Floor1,TypeC
1093,2025-04-11T22:48:50.000Z,16.97,65.09,BuildingA_Floor2,TypeB
1016,2025-04-09T00:52:53.000Z,25.32,56.71,BuildingA_Floor2,TypeC
1040,2025-04-09T01:26:22.000Z,33.58,60.92,BuildingB_Floor2,TypeA
1054,2025-04-07T23:30:12.000Z,33.84,53.8,BuildingB_Floor2,TypeC
1048,2025-04-07T12:02:15.000Z,18.43,41.25,BuildingB_Floor2,TypeA
1097,2025-04-08T16:58:43.000Z,19.67,56.31,BuildingB_Floor1,TypeB
1038,2025-04-11T12:22:30.000Z,31.43,41.2,BuildingB_Floor1,TypeC
1099,2025-04-07T22:44:10.000Z,16.93,53.29,BuildingB_Floor2,TypeB
1007,2025-04-09T11:05:53.000Z,33.71,67.12,BuildingA_Floor1,TypeB
1041,2025-04-11T01:30:52.000Z,25.62,70.58,BuildingA_Floor2,TypeB
1040,2025-04-09T12:25:38.000Z,30.27,52.86,BuildingB_Floor2,TypeC
1060,2025-04-11T19:50:58.000Z,27.73,76.31,BuildingA_Floor1,TypeB
1042,2025-04-09T17:49:14.000Z,25.26,34.4,BuildingB_Floor2,TypeB
1060,2025-04-07T02:14:01.000Z,24.85,50.09,BuildingA_Floor2,TypeC
1074,2025-04-09T23:05:13.000Z,29.96,46.98,BuildingA_Floor1,TypeC
1064,2025-04-11T18:04:18.000Z,28.19,34.76,BuildingA_Floor1,TypeC
1061,2025-04-07T23:58:19.000Z,22.01,56.91,BuildingB_Floor2,TypeC
1016,2025-04-08T11:20:13.000Z,15.76,53.5,BuildingA_Floor1,TypeB
1086,2025-04-11T14:28:19.000Z,27.18,72.34,BuildingA_Floor1,TypeB
1044,2025-04-10T21:05:26.000Z,19.93,79.18,BuildingA_Floor2,TypeA
1080,2025-04-12T01:38:49.000Z,23.91,48.01,BuildingA_Floor1,TypeA
1083,2025-04-08T19:33:42.000Z,25.77,69.64,BuildingB_Floor2,TypeB
1086,2025-04-07T13:22:08.000Z,24.97,45.58,BuildingB_Floor2,TypeB
1064,2025-04-08T23:03:16.000Z,34.72,57.88,BuildingB_Floor2,TypeC
1033,2025-04-10T21:31:01.000Z,34.14,68.63,BuildingA_Floor1,TypeB
1068,2025-04-07T04:43:58.000Z,25.92,75.22,BuildingA_Floor2,TypeA
1062,2025-04-07T14:02:15.000Z,19.74,55.14,BuildingB_Floor1,TypeC
1020,2025-04-11T17:20:10.000Z,22.18,35.7,BuildingA_Floor2,TypeA
1058,2025-04-10T21:45:46.000Z,22.55,31.91,BuildingA_Floor1,TypeC
1037,2025-04-11T13:52:53.000Z,23.99,77.75,BuildingA_Floor2,TypeA
1002,2025-04-07T09:47:10.000Z,33.18,45.62,BuildingB_Floor2,TypeA
1098,2025-04-11T05:09:05.000Z,30.12,33.28,BuildingB_Floor2,TypeC
1072,2025-04-09T00:15:58.000Z,17.68,76.22,BuildingA_Floor1,TypeC
1032,2025-04-09T09:06:54.000Z,23.75,57.56,BuildingA_Floor1,TypeB
1052,2025-04-09T14:40:24.000Z,19.3,33.53,BuildingA_Floor1,TypeC
1035,2025-04-08T08:54:59.000Z,17.12,46.27,BuildingB_Floor2,TypeA
1021,2025-04-09T16:34:41.000Z,32.77,71.07,BuildingA_Floor2,TypeB
1045,2025-04-10T03:13:21.000Z,24.03,45.68,BuildingA_Floor2,TypeC
1045,2025-04-11T18:05:15.000Z,28.33,35.2,BuildingB_Floor1,TypeC
1005,2025-04-11T16:55:06.000Z,22.93,71.76,BuildingA_Floor1,TypeB
1017,2025-04-08T10:20:53.000Z,19.44,32.14,BuildingB_Floor2,TypeB
1059,2025-04-10T11:48:41.000Z,30.88,69.69,BuildingA_Floor1,TypeA
1049,2025-04-08T05:34:03.000Z,32.52,70.07,BuildingA_Floor2,TypeB
1032,2025-04-10T08:20:36.000Z,28.62,44.73,BuildingB_Floor1,TypeA
1028,2025-04-07T02:57:07.000Z,20.47,77.39,BuildingA_Floor1,TypeC
1098,2025-04-07T16:31:16.000Z,20.89,41.98,BuildingB_Floor2,TypeC
1000,2025-04-07T08:14:34.000Z,27.39,58.3,BuildingB_Floor1,TypeA
1088,2025-04-12T01:36:34.000Z,16.08,65.05,BuildingB_Floor1,TypeB
1016,2025-04-09T16:41:44.000Z,32.5,49.86,BuildingA_Floor2,TypeA
1065,2025-04-08T00:12:58.000Z,20.98,53.83,BuildingB_Floor2,TypeA
1071,2025-04-07T17:14:00.000Z,34.54,57.69,BuildingA_Floor2,TypeC
1061,2025-04-07T08:22:24.000Z,19.78,71.36,BuildingB_Floor1,TypeC
1024,2025-04-09T20:18:33.000Z,29.44,38.93,BuildingA_Floor2,TypeC
1012,2025-04-10T18:15:36.000Z,16.14,69.46,BuildingA_Floor2,TypeB
1072,2025-04-08T13:08:21.000Z,29.83,63.87,BuildingB_Floor2,TypeB
1078,2025-04-08T14:41:40.000Z,34.25,35.5,BuildingB_Floor1,TypeA
1076,2025-04-10T10:46:00.000Z,17.24,38.8,BuildingA_Floor1,TypeC
1054,2025-04-11T13:53:49.000Z,22.32,77.09,BuildingA_Floor2,TypeA
1089,2025-04-10T03:29:31.000Z,17.48,76.62,BuildingB_Floor1,TypeA
1026,2025-04-08T03:57:55.000Z,24.39,73.42,BuildingB_Floor2,TypeA
1057,2025-04-10T16:25:07.000Z,17.54,48.65,BuildingB_Floor1,TypeC
1031,2025-04-07T12:38:29.000Z,29.23,50.28,BuildingB_Floor1,TypeB
1026,2025-04-08T11:09:33.000Z,32.91,72.58,BuildingB_Floor1,TypeC
1010,2025-04-08T17:13:09.000Z,17.13,39.23,BuildingB_Floor1,TypeC
1070,2025-04-07T03:58:03.000Z,28.51,55.8,BuildingB_Floor1,TypeB
1043,2025-04-10T03:45:56.000Z,29.48,70.89,BuildingB_Floor2,TypeA
1094,2025-04-11T13:22:57.000Z,31.02,33.45,BuildingB_Floor1,TypeA
1043,2025-04-10T06:57:54.000Z,21.85,40.94,BuildingB_Floor1,TypeA
1032,2025-04-12T01:16:44.000Z,33.56,74.27,BuildingB_Floor1,TypeC
1055,2025-04-08T05:48:01.000Z,25.88,79.31,BuildingB_Floor2,TypeB
1025,2025-04-10T21:31:16.000Z,30.77,48.87,BuildingA_Floor2,TypeA
1005,2025-04-08T10:14:00.000Z,34.18,67.72,BuildingB_Floor2,TypeB
1007,2025-04-11T21:34:18.000Z,16.82,56.59,BuildingA_Floor1,TypeC
1006,2025-04-09T07:36:35.000Z,16.35,79.79,BuildingA_Floor2,TypeA
1076,2025-04-10T10:19:09.000Z,15.79,30.52,BuildingB_Floor1,TypeC
1027,2025-04-08T11:52:54.000Z,29.88,55.32,BuildingA_Floor2,TypeA
1100,2025-04-07T22:03:33.000Z,29.16,70.98,BuildingB_Floor2,TypeB
1029,2025-04-07T12:22:09.000Z,30.57,32.3,BuildingB_Floor1,TypeB
1051,2025-04-08T10:58:05.000Z,27.01,38.56,BuildingB_Floor2,TypeC
1053,2025-04-09T18:59:52.000Z,33.21,42.09,BuildingB_Floor2,TypeA
1048,2025-04-11T00:09:40.000Z,29.2,58.95,BuildingA_Floor1,TypeC
1002,2025-04-11T02:09:52.000Z,33.08,55.12,BuildingA_Floor2,TypeA
1040,2025-04-11T23:35:22.000Z,24.72,51.1,BuildingA_Floor1,TypeC
1061,2025-04-08T21:16:27.000Z,26.17,47.11,BuildingB_Floor1,TypeC
1094,2025-04-07T07:51:06.000Z,30.8,79.33,BuildingB_Floor1,TypeB
1042,2025-04-09T11:48:31.000Z,25.96,43.77,BuildingB_Floor1,TypeB
1012,2025-04-08T02:15:25.000Z,33.09,59.74,BuildingB_Floor1,TypeC
1029,2025-04-08T11:59:09.000Z,28.7,70.46,BuildingB_Floor2,TypeA
1042,2025-04-08T10:23:43.000Z,29.0,77.44,BuildingB_Floor1,TypeA
1018,2025-04-07T13:24:03.000Z,17.57,62.65,BuildingA_Floor1,TypeC
1026,2025-04-10T14:28:09.000Z,32.52,53.11,BuildingA_Floor2,TypeB
1080,2025-04-09T00:25:51.000Z,28.36,35.03,BuildingA_Floor1,TypeB
1071,2025-04-09T19:02:32.000Z,29.33,32.63,BuildingA_Floor1,TypeA
1006,2025-04-10T19:15:31.000Z,25.28,74.68,BuildingB_Floor1,TypeA
1003,2025-04-10T08:05:39.000Z,28.68,45.03,BuildingB_Floor2,TypeA
1015,2025-04-07T15:51:10.000Z,21.5,34.41,BuildingA_Floor2,TypeC
1066,2025-04-11T01:53:09.000Z,17.46,55.3,BuildingB_Floor2,TypeB
1090,2025-04-10T21:01:31.000Z,16.77,53.87,BuildingA_Floor2,TypeA
1097,2025-04-08T07:29:29.000Z,26.75,34.67,BuildingA_Floor1,TypeB
1012,2025-04-10T05:36:41.000Z,22.12,63.25,BuildingA_Floor2,TypeA
1079,2025-04-10T00:30:35.000Z,27.22,64.52,BuildingB_Floor2,TypeA
1058,2025-04-07T04:54:26.000Z,20.24,79.1,BuildingA_Floor2,TypeA
1095,2025-04-07T14:14:30.000Z,23.77,69.93,BuildingA_Floor1,TypeC
1080,2025-04-11T23:40:59.000Z,25.33,79.98,BuildingB_Floor1,TypeC
1044,2025-04-10T14:59:00.000Z,18.41,74.69,BuildingB_Floor1,TypeA
1059,2025-04-07T11:22:00.000Z,28.92,41.1,BuildingB_Floor2,TypeA
1092,2025-04-10T03:38:10.000Z,26.7,70.72,BuildingB_Floor2,TypeB
1097,2025-04-10T19:39:59.000Z,25.49,74.88,BuildingB_Floor2,TypeC
1063,2025-04-07T04:28:07.000Z,24.78,70.56,BuildingB_Floor1,TypeC
1003,2025-04-11T10:52:43.000Z,28.67,54.69,BuildingB_Floor2,TypeC
1078,2025-04-07T06:48:48.000Z,24.29,45.99,BuildingA_Floor1,TypeA
1034,2025-04-07T11:18:29.000Z,31.42,39.54,BuildingA_Floor1,TypeC
1090,2025-04-11T01:49:04.000Z,30.85,69.89,BuildingB_Floor2,TypeB
1078,2025-04-07T17:39:05.000Z,27.42,41.26,BuildingB_Floor2,TypeC
1007,2025-04-10T17:00:40.000Z,24.47,65.36,BuildingB_Floor2,TypeB
1096,2025-04-09T03:22:48.000Z,34.2,32.28,BuildingA_Floor2,TypeA
1077,2025-04-11T22:54:49.000Z,23.97,75.61,BuildingB_Floor2,TypeB
1030,2025-04-11T22:09:39.000Z,17.92,41.99,BuildingA_Floor1,TypeC
1039,2025-04-10T05:29:13.000Z,32.47,34.64,BuildingB_Floor1,TypeC
1050,2025-04-10T04:09:07.000Z,24.95,48.05,BuildingB_Floor2,TypeA
1009,2025-04-09T16:31:59.000Z,32.6,46.41,BuildingA_Floor1,TypeA
1081,2025-04-11T23:07:18.000Z,23.4,63.51,BuildingA_Floor2,TypeB
1007,2025-04-09T00:12:12.000Z,16.37,76.5,BuildingB_Floor2,TypeA
1043,2025-04-09T23:51:25.000Z,28.24,68.69,BuildingB_Floor1,TypeB
1098,2025-04-08T07:13:17.000Z,23.47,44.36,BuildingA_Floor1,TypeB
1017,2025-04-09T13:04:14.000Z,30.84,60.3,BuildingB_Floor1,TypeC
1057,2025-04-07T16:59:50.000Z,29.37,37.0,BuildingA_Floor1,TypeB
1007,2025-04-08T07:39:42.000Z,15.46,36.28,BuildingA_Floor2,TypeC
1017,2025-04-07T19:20:44.000Z,31.4,52.33,BuildingA_Floor2,TypeA
1037,2025-04-08T19:28:06.000Z,28.51,78.23,BuildingA_Floor1,TypeC
1055,2025-04-07T07:00:15.000Z,30.01,44.0,BuildingB_Floor1,TypeA
1036,2025-04-08T11:30:38.000Z,23.96,38.24,BuildingB_Floor1,TypeB
1022,2025-04-10T21:26:02.000Z,16.66,75.95,BuildingA_Floor1,TypeA
1080,2025-04-10T16:45:15.000Z,20.13,63.32,BuildingA_Floor2,TypeC
1002,2025-04-11T16:13:23.000Z,21.02,35.75,BuildingA_Floor1,TypeB
1090,2025-04-11T05:10:13.000Z,27.42,59.58,BuildingB_Floor1,TypeC
1016,2025-04-11T04:22:56.000Z,15.19,49.64,BuildingB_Floor2,TypeA
1079,2025-04-10T09:38:02.000Z,31.96,63.12,BuildingA_Floor1,TypeC
1049,2025-04-08T03:59:36.000Z,16.14,65.1,BuildingB_Floor1,TypeA
1073,2025-04-10T19:51:52.000Z,25.31,46.72,BuildingB_Floor1,TypeC
1023,2025-04-11T02:40:27.000Z,28.13,60.94,BuildingB_Floor2,TypeB
1014,2025-04-07T06:18:02.000Z,28.2,71.01,BuildingB_Floor2,TypeA
1034,2025-04-10T20:41:00.000Z,23.9,51.98,BuildingA_Floor1,TypeB
1018,2025-04-11T00:22:41.000Z,20.0,68.53,BuildingB_Floor1,TypeA
1074,2025-04-08T23:29:44.000Z,29.27,43.07,BuildingA_Floor1,TypeC
1057,2025-04-11T21:06:05.000Z,21.21,60.8,BuildingA_Floor1,TypeB
1039,2025-04-08T15:12:21.000Z,23.16,30.69,BuildingB_Floor2,TypeB
1082,2025-04-08T23:42:10.000Z,23.07,58.78,BuildingB_Floor2,TypeA
1009,2025-04-08T17:56:41.000Z,29.72,41.32,BuildingA_Floor1,TypeB
1013,2025-04-09T09:23:26.000Z,30.7,35.22,BuildingB_Floor1,TypeC
1063,2025-04-08T21:28:30.000Z,20.11,34.14,BuildingB_Floor1,TypeB
1085,2025-04-07T19:01:36.000Z,21.57,53.5,BuildingB_Floor1,TypeB
1019,2025-04-10T11:32:32.000Z,28.38,75.68,BuildingB_Floor2,TypeC
1022,2025-04-10T20:12:15.000Z,22.65,78.89,BuildingA_Floor1,TypeC
1048,2025-04-11T15:37:31.000Z,23.43,72.92,BuildingB_Floor1,TypeB
1100,2025-04-12T00:42:55.000Z,33.27,70.14,BuildingA_Floor2,TypeB
1071,2025-04-10T22:06:37.000Z,33.81,76.59,BuildingB_Floor2,TypeA
1073,2025-04-11T05:26:22.000Z,21.97,36.92,BuildingA_Floor2,TypeB
1033,2025-04-10T16:32:42.000Z,29.96,51.28,BuildingB_Floor1,TypeA
1083,2025-04-11T04:49:27.000Z,28.12,55.08,BuildingA_Floor2,TypeB
1007,2025-04-11T15:22:07.000Z,16.3,48.51,BuildingB_Floor1,TypeC
1011,2025-04-07T21:29:56.000Z,34.05,45.24,BuildingB_Floor1,TypeB
1075,2025-04-07T12:46:27.000Z,28.55,31.72,BuildingB_Floor1,TypeA
1030,2025-04-11T02:51:58.000Z,22.04,66.29,BuildingB_Floor2,TypeB
1098,2025-04-11T20:37:26.000Z,16.03,56.5,BuildingA_Floor2,TypeC
1092,2025-04-07T17:35:59.000Z,28.89,46.34,BuildingA_Floor2,TypeA
1015,2025-04-10T08:35:24.000Z,20.89,73.43,BuildingA_Floor2,TypeB
1050,2025-04-08T22:27:08.000Z,28.2,45.22,BuildingA_Floor1,TypeB
1043,2025-04-10T03:24:43.000Z,15.78,30.1,BuildingA_Floor1,TypeB
1062,2025-04-11T01:37:25.000Z,24.07,39.18,BuildingB_Floor1,TypeC
1078,2025-04-07T14:07:55.000Z,21.68,37.36,BuildingA_Floor1,TypeA
1024,2025-04-07T18:57:53.000Z,23.76,53.99,BuildingA_Floor1,TypeC
1058,2025-04-11T11:30:49.000Z,31.22,58.66,BuildingA_Floor2,TypeC
1020,2025-04-07T14:54:32.000Z,17.26,49.9,BuildingB_Floor2,TypeB
1057,2025-04-09T12:12:13.000Z,30.4,58.67,BuildingA_Floor1,TypeA
1046,2025-04-10T17:00:55.000Z,32.61,53.49,BuildingA_Floor1,TypeA
1068,2025-04-08T13:18:27.000Z,20.57,67.62,BuildingB_Floor2,TypeC
1074,2025-04-11T01:50:53.000Z,33.14,67.01,BuildingB_Floor2,TypeB
1010,2025-04-10T04:31:36.000Z,22.54,69.14,BuildingA_Floor1,TypeC
1035,2025-04-08T09:42:29.000Z,19.2,55.55,BuildingA_Floor2,TypeC
1018,2025-04-08T09:47:40.000Z,27.65,45.72,BuildingA_Floor2,TypeB
1028,2025-04-08T01:19:44.000Z,25.57,76.93,BuildingB_Floor2,TypeA
1008,2025-04-08T00:56:53.000Z,22.86,34.69,BuildingB_Floor2,TypeA
1001,2025-04-07T05:56:41.000Z,32.01,57.56,BuildingB_Floor2,TypeC
1035,2025-04-07T02:59:35.000Z,30.82,30.12,BuildingA_Floor2,TypeA
1099,2025-04-07T07:57:54.000Z,18.58,66.23,BuildingB_Floor2,TypeB
1091,2025-04-07T02:52:09.000Z,34.47,46.87,BuildingA_Floor2,TypeC
1096,2025-04-07T22:21:35.000Z,30.86,62.44,BuildingB_Floor1,TypeA
1100,2025-04-10T18:17:38.000Z,32.53,43.22,BuildingB_Floor2,TypeC
1062,2025-04-07T15:17:47.000Z,15.62,68.98,BuildingA_Floor2,TypeB
1066,2025-04-07T06:08:12.000Z,23.69,38.68,BuildingA_Floor1,TypeB
1031,2025-04-10T12:05:18.000Z,17.29,51.91,BuildingB_Floor2,TypeA
1012,2025-04-11T13:21:05.000Z,32.73,59.26,BuildingA_Floor2,TypeB
1093,2025-04-10T16:22:09.000Z,16.58,58.28,BuildingB_Floor1,TypeA
1089,2025-04-07T20:45:38.000Z,16.61,37.73,BuildingA_Floor1,TypeC
1003,2025-04-07T10:58:50.000Z,26.33,40.19,BuildingA_Floor2,TypeA
1095,2025-04-10T23:13:20.000Z,20.5,37.51,BuildingB_Floor1,TypeB
1041,2025-04-08T11:26:21.000Z,17.81,52.91,BuildingA_Floor2,TypeB
1049,2025-04-09T00:16:34.000Z,15.96,30.37,BuildingB_Floor2,TypeA
1038,2025-04-07T08:54:51.000Z,27.85,44.96,BuildingB_Floor2,TypeB
1046,2025-04-11T09:12:55.000Z,18.46,47.52,BuildingA_Floor2,TypeA
1053,2025-04-07T04:28:07.000Z,17.43,46.82,BuildingA_Floor2,TypeB
1003,2025-04-09T00:24:05.000Z,19.43,69.34,BuildingB_Floor1,TypeB
1041,2025-04-08T10:17:52.000Z,28.75,34.68,BuildingA_Floor1,TypeC
1092,2025-04-08T18:33:54.000Z,24.6,60.44,BuildingB_Floor1,TypeC
1093,2025-04-10T04:38:54.000Z,32.49,67.12,BuildingA_Floor1,TypeB
1081,2025-04-11T01:19:33.000Z,33.37,69.89,BuildingA_Floor1,TypeA
1054,2025-04-12T01:01:52.000Z,22.28,51.86,BuildingA_Floor1,TypeC
1093,2025-04-10T02:33:13.000Z,16.21,39.09,BuildingA_Floor1,TypeC
1036,2025-04-07T22:27:14.000Z,24.03,46.06,BuildingA_Floor2,TypeB
1025,2025-04-09T09:38:59.000Z,16.77,65.19,BuildingB_Floor1,TypeC
